,airplane,breathing,brushing_teeth,can_opening,car_horn,cat,chainsaw,chirping_birds,church_bells,clapping,clock_alarm,clock_tick,coughing,cow,crackling_fire,crickets,crow,crying_baby,dog,door_wood_creaks,door_wood_knock,drinking_sipping,engine,fireworks,footsteps,frog,glass_breaking,hand_saw,helicopter,hen,insects,keyboard_typing,laughing,mouse_click,pig,pouring_water,rain,rooster,sea_waves,sheep,siren,sneezing,snoring,thunderstorm,toilet_flush,train,vacuum_cleaner,washing_machine,water_drops,wind
epoch_1,"{'precision': 0.07692307692307693, 'recall': 0.25, 'f1': 0.11764705882352941, 'count': 8}","{'precision': 1.0, 'recall': 0.0, 'f1': 0.0, 'count': 8}","{'precision': 0.0, 'recall': 0.0, 'f1': 0.0, 'count': 8}","{'precision': 0.030303030303030304, 'recall': 0.125, 'f1': 0.04878048780487805, 'count': 8}","{'precision': 1.0, 'recall': 0.0, 'f1': 0.0, 'count': 8}","{'precision': 1.0, 'recall': 0.0, 'f1': 0.0, 'count': 8}","{'precision': 0.0, 'recall': 0.0, 'f1': 0.0, 'count': 8}","{'precision': 0.0, 'recall': 0.0, 'f1': 0.0, 'count': 8}","{'precision': 1.0, 'recall': 0.125, 'f1': 0.2222222222222222, 'count': 8}","{'precision': 1.0, 'recall': 0.0, 'f1': 0.0, 'count': 8}","{'precision': 0.25, 'recall': 0.375, 'f1': 0.3, 'count': 8}","{'precision': 1.0, 'recall': 0.0, 'f1': 0.0, 'count': 8}","{'precision': 0.0, 'recall': 0.0, 'f1': 0.0, 'count': 8}","{'precision': 1.0, 'recall': 0.0, 'f1': 0.0, 'count': 8}","{'precision': 0.0, 'recall': 0.0, 'f1': 0.0, 'count': 8}","{'precision': 0.0, 'recall': 0.0, 'f1': 0.0, 'count': 8}","{'precision': 1.0, 'recall': 0.0, 'f1': 0.0, 'count': 8}","{'precision': 0.0, 'recall': 0.0, 'f1': 0.0, 'count': 8}","{'precision': 0.0, 'recall': 0.0, 'f1': 0.0, 'count': 8}","{'precision': 1.0, 'recall': 0.0, 'f1': 0.0, 'count': 8}","{'precision': 0.3333333333333333, 'recall': 0.125, 'f1': 0.18181818181818182, 'count': 8}","{'precision': 0.08333333333333333, 'recall': 0.125, 'f1': 0.1, 'count': 8}","{'precision': 0.0, 'recall': 0.0, 'f1': 0.0, 'count': 8}","{'precision': 0.0, 'recall': 0.0, 'f1': 0.0, 'count': 8}","{'precision': 1.0, 'recall': 0.0, 'f1': 0.0, 'count': 8}","{'precision': 0.07142857142857142, 'recall': 0.125, 'f1': 0.09090909090909091, 'count': 8}","{'precision': 1.0, 'recall': 0.0, 'f1': 0.0, 'count': 8}","{'precision': 1.0, 'recall': 0.0, 'f1': 0.0, 'count': 8}","{'precision': 0.0, 'recall': 0.0, 'f1': 0.0, 'count': 8}","{'precision': 1.0, 'recall': 0.0, 'f1': 0.0, 'count': 8}","{'precision': 0.0, 'recall': 0.0, 'f1': 0.0, 'count': 8}","{'precision': 0.041666666666666664, 'recall': 0.125, 'f1': 0.0625, 'count': 8}","{'precision': 1.0, 'recall': 0.0, 'f1': 0.0, 'count': 8}","{'precision': 0.0, 'recall': 0.0, 'f1': 0.0, 'count': 8}","{'precision': 1.0, 'recall': 0.0, 'f1': 0.0, 'count': 8}","{'precision': 0.1, 'recall': 0.625, 'f1': 0.1724137931034483, 'count': 8}","{'precision': 0.11627906976744186, 'recall': 0.625, 'f1': 0.19607843137254904, 'count': 8}","{'precision': 0.2222222222222222, 'recall': 0.5, 'f1': 0.30769230769230765, 'count': 8}","{'precision': 1.0, 'recall': 0.0, 'f1': 0.0, 'count': 8}","{'precision': 1.0, 'recall': 0.0, 'f1': 0.0, 'count': 8}","{'precision': 1.0, 'recall': 0.0, 'f1': 0.0, 'count': 8}","{'precision': 0.12903225806451613, 'recall': 0.5, 'f1': 0.20512820512820512, 'count': 8}","{'precision': 0.0, 'recall': 0.0, 'f1': 0.0, 'count': 8}","{'precision': 0.2727272727272727, 'recall': 0.75, 'f1': 0.39999999999999997, 'count': 8}","{'precision': 1.0, 'recall': 0.0, 'f1': 0.0, 'count': 8}","{'precision': 1.0, 'recall': 0.0, 'f1': 0.0, 'count': 8}","{'precision': 0.0, 'recall': 0.0, 'f1': 0.0, 'count': 8}","{'precision': 0.14285714285714285, 'recall': 0.125, 'f1': 0.13333333333333333, 'count': 8}","{'precision': 0.0, 'recall': 0.0, 'f1': 0.0, 'count': 8}","{'precision': 0.5, 'recall': 0.125, 'f1': 0.2, 'count': 8}"
epoch_2,"{'precision': 0.044444444444444446, 'recall': 0.25, 'f1': 0.07547169811320754, 'count': 8}","{'precision': 1.0, 'recall': 0.0, 'f1': 0.0, 'count': 8}","{'precision': 0.2222222222222222, 'recall': 0.25, 'f1': 0.23529411764705882, 'count': 8}","{'precision': 0.0, 'recall': 0.0, 'f1': 0.0, 'count': 8}","{'precision': 1.0, 'recall': 0.0, 'f1': 0.0, 'count': 8}","{'precision': 1.0, 'recall': 0.0, 'f1': 0.0, 'count': 8}","{'precision': 0.0, 'recall': 0.0, 'f1': 0.0, 'count': 8}","{'precision': 0.18181818181818182, 'recall': 0.25, 'f1': 0.2105263157894737, 'count': 8}","{'precision': 0.3333333333333333, 'recall': 0.125, 'f1': 0.18181818181818182, 'count': 8}","{'precision': 1.0, 'recall': 0.0, 'f1': 0.0, 'count': 8}","{'precision': 0.3125, 'recall': 0.625, 'f1': 0.4166666666666667, 'count': 8}","{'precision': 1.0, 'recall': 0.0, 'f1': 0.0, 'count': 8}","{'precision': 1.0, 'recall': 0.125, 'f1': 0.2222222222222222, 'count': 8}","{'precision': 0.5, 'recall': 0.25, 'f1': 0.3333333333333333, 'count': 8}","{'precision': 0.6666666666666666, 'recall': 0.25, 'f1': 0.36363636363636365, 'count': 8}","{'precision': 0.0, 'recall': 0.0, 'f1': 0.0, 'count': 8}","{'precision': 1.0, 'recall': 0.0, 'f1': 0.0, 'count': 8}","{'precision': 0.11764705882352941, 'recall': 0.25, 'f1': 0.15999999999999998, 'count': 8}","{'precision': 0.14285714285714285, 'recall': 0.125, 'f1': 0.13333333333333333, 'count': 8}","{'precision': 0.0, 'recall': 0.0, 'f1': 0.0, 'count': 8}","{'precision': 0.3333333333333333, 'recall': 0.125, 'f1': 0.18181818181818182, 'count': 8}","{'precision': 0.0, 'recall': 0.0, 'f1': 0.0, 'count': 8}","{'precision': 1.0, 'recall': 0.0, 'f1': 0.0, 'count': 8}","{'precision': 0.0, 'recall': 0.0, 'f1': 0.0, 'count': 8}","{'precision': 1.0, 'recall': 0.0, 'f1': 0.0, 'count': 8}","{'precision': 0.2, 'recall': 0.125, 'f1': 0.15384615384615385, 'count': 8}","{'precision': 0.0, 'recall': 0.0, 'f1': 0.0, 'count': 8}","{'precision': 1.0, 'recall': 0.0, 'f1': 0.0, 'count': 8}","{'precision': 0.0, 'recall': 0.0, 'f1': 0.0, 'count': 8}","{'precision': 0.0, 'recall': 0.0, 'f1': 0.0, 'count': 8}","{'precision': 0.5, 'recall': 0.25, 'f1': 0.3333333333333333, 'count': 8}","{'precision': 0.08333333333333333, 'recall': 0.125, 'f1': 0.1, 'count': 8}","{'precision': 0.0, 'recall': 0.0, 'f1': 0.0, 'count': 8}","{'precision': 0.0, 'recall': 0.0, 'f1': 0.0, 'count': 8}","{'precision': 1.0, 'recall': 0.0, 'f1': 0.0, 'count': 8}","{'precision': 0.13513513513513514, 'recall': 0.625, 'f1': 0.22222222222222224, 'count': 8}","{'precision': 0.12280701754385964, 'recall': 0.875, 'f1': 0.2153846153846154, 'count': 8}","{'precision': 0.6666666666666666, 'recall': 0.75, 'f1': 0.7058823529411765, 'count': 8}","{'precision': 1.0, 'recall': 0.0, 'f1': 0.0, 'count': 8}","{'precision': 0.3333333333333333, 'recall': 0.125, 'f1': 0.18181818181818182, 'count': 8}","{'precision': 0.0, 'recall': 0.0, 'f1': 0.0, 'count': 8}","{'precision': 0.09523809523809523, 'recall': 0.75, 'f1': 0.16901408450704225, 'count': 8}","{'precision': 1.0, 'recall': 0.125, 'f1': 0.2222222222222222, 'count': 8}","{'precision': 0.38461538461538464, 'recall': 0.625, 'f1': 0.4761904761904762, 'count': 8}","{'precision': 0.0, 'recall': 0.0, 'f1': 0.0, 'count': 8}","{'precision': 0.0, 'recall': 0.0, 'f1': 0.0, 'count': 8}","{'precision': 0.0, 'recall': 0.0, 'f1': 0.0, 'count': 8}","{'precision': 0.0, 'recall': 0.0, 'f1': 0.0, 'count': 8}","{'precision': 0.2, 'recall': 0.125, 'f1': 0.15384615384615385, 'count': 8}","{'precision': 0.0, 'recall': 0.0, 'f1': 0.0, 'count': 8}"
epoch_3,"{'precision': 0.09302325581395349, 'recall': 0.5, 'f1': 0.15686274509803924, 'count': 8}","{'precision': 1.0, 'recall': 0.0, 'f1': 0.0, 'count': 8}","{'precision': 0.22727272727272727, 'recall': 0.625, 'f1': 0.3333333333333333, 'count': 8}","{'precision': 0.3, 'recall': 0.375, 'f1': 0.33333333333333326, 'count': 8}","{'precision': 1.0, 'recall': 0.0, 'f1': 0.0, 'count': 8}","{'precision': 1.0, 'recall': 0.0, 'f1': 0.0, 'count': 8}","{'precision': 0.0, 'recall': 0.0, 'f1': 0.0, 'count': 8}","{'precision': 0.0, 'recall': 0.0, 'f1': 0.0, 'count': 8}","{'precision': 0.3684210526315789, 'recall': 0.875, 'f1': 0.5185185185185185, 'count': 8}","{'precision': 0.25, 'recall': 0.125, 'f1': 0.16666666666666666, 'count': 8}","{'precision': 0.42857142857142855, 'recall': 0.75, 'f1': 0.5454545454545454, 'count': 8}","{'precision': 0.0, 'recall': 0.0, 'f1': 0.0, 'count': 8}","{'precision': 0.5, 'recall': 0.125, 'f1': 0.2, 'count': 8}","{'precision': 0.38461538461538464, 'recall': 0.625, 'f1': 0.4761904761904762, 'count': 8}","{'precision': 0.2857142857142857, 'recall': 0.25, 'f1': 0.26666666666666666, 'count': 8}","{'precision': 0.0, 'recall': 0.0, 'f1': 0.0, 'count': 8}","{'precision': 1.0, 'recall': 0.0, 'f1': 0.0, 'count': 8}","{'precision': 0.3333333333333333, 'recall': 0.25, 'f1': 0.28571428571428575, 'count': 8}","{'precision': 0.14285714285714285, 'recall': 0.25, 'f1': 0.18181818181818182, 'count': 8}","{'precision': 0.0, 'recall': 0.0, 'f1': 0.0, 'count': 8}","{'precision': 0.5555555555555556, 'recall': 0.625, 'f1': 0.5882352941176471, 'count': 8}","{'precision': 0.0, 'recall': 0.0, 'f1': 0.0, 'count': 8}","{'precision': 0.0, 'recall': 0.0, 'f1': 0.0, 'count': 8}","{'precision': 0.0, 'recall': 0.0, 'f1': 0.0, 'count': 8}","{'precision': 1.0, 'recall': 0.0, 'f1': 0.0, 'count': 8}","{'precision': 0.08333333333333333, 'recall': 0.25, 'f1': 0.125, 'count': 8}","{'precision': 0.2, 'recall': 0.125, 'f1': 0.15384615384615385, 'count': 8}","{'precision': 1.0, 'recall': 0.0, 'f1': 0.0, 'count': 8}","{'precision': 0.0, 'recall': 0.0, 'f1': 0.0, 'count': 8}","{'precision': 0.0, 'recall': 0.0, 'f1': 0.0, 'count': 8}","{'precision': 1.0, 'recall': 0.125, 'f1': 0.2222222222222222, 'count': 8}","{'precision': 0.1, 'recall': 0.125, 'f1': 0.11111111111111112, 'count': 8}","{'precision': 0.6666666666666666, 'recall': 0.25, 'f1': 0.36363636363636365, 'count': 8}","{'precision': 0.0, 'recall': 0.0, 'f1': 0.0, 'count': 8}","{'precision': 1.0, 'recall': 0.0, 'f1': 0.0, 'count': 8}","{'precision': 0.19230769230769232, 'recall': 0.625, 'f1': 0.29411764705882354, 'count': 8}","{'precision': 0.2857142857142857, 'recall': 0.75, 'f1': 0.4137931034482759, 'count': 8}","{'precision': 0.35, 'recall': 0.875, 'f1': 0.4999999999999999, 'count': 8}","{'precision': 0.0, 'recall': 0.0, 'f1': 0.0, 'count': 8}","{'precision': 0.75, 'recall': 0.375, 'f1': 0.5, 'count': 8}","{'precision': 0.0, 'recall': 0.0, 'f1': 0.0, 'count': 8}","{'precision': 0.2222222222222222, 'recall': 0.5, 'f1': 0.30769230769230765, 'count': 8}","{'precision': 1.0, 'recall': 0.125, 'f1': 0.2222222222222222, 'count': 8}","{'precision': 0.2727272727272727, 'recall': 0.75, 'f1': 0.39999999999999997, 'count': 8}","{'precision': 0.5, 'recall': 0.125, 'f1': 0.2, 'count': 8}","{'precision': 0.08333333333333333, 'recall': 0.125, 'f1': 0.1, 'count': 8}","{'precision': 0.029411764705882353, 'recall': 0.125, 'f1': 0.047619047619047616, 'count': 8}","{'precision': 0.0, 'recall': 0.0, 'f1': 0.0, 'count': 8}","{'precision': 0.0, 'recall': 0.0, 'f1': 0.0, 'count': 8}","{'precision': 1.0, 'recall': 0.0, 'f1': 0.0, 'count': 8}"
epoch_4,"{'precision': 0.10344827586206896, 'recall': 0.375, 'f1': 0.16216216216216217, 'count': 8}","{'precision': 1.0, 'recall': 0.0, 'f1': 0.0, 'count': 8}","{'precision': 0.2222222222222222, 'recall': 0.5, 'f1': 0.30769230769230765, 'count': 8}","{'precision': 0.4, 'recall': 0.25, 'f1': 0.3076923076923077, 'count': 8}","{'precision': 1.0, 'recall': 0.0, 'f1': 0.0, 'count': 8}","{'precision': 1.0, 'recall': 0.0, 'f1': 0.0, 'count': 8}","{'precision': 0.3333333333333333, 'recall': 0.125, 'f1': 0.18181818181818182, 'count': 8}","{'precision': 0.0, 'recall': 0.0, 'f1': 0.0, 'count': 8}","{'precision': 0.6363636363636364, 'recall': 0.875, 'f1': 0.7368421052631579, 'count': 8}","{'precision': 0.3333333333333333, 'recall': 0.25, 'f1': 0.28571428571428575, 'count': 8}","{'precision': 0.2608695652173913, 'recall': 0.75, 'f1': 0.3870967741935483, 'count': 8}","{'precision': 0.0, 'recall': 0.0, 'f1': 0.0, 'count': 8}","{'precision': 0.3333333333333333, 'recall': 0.125, 'f1': 0.18181818181818182, 'count': 8}","{'precision': 0.5, 'recall': 0.375, 'f1': 0.42857142857142855, 'count': 8}","{'precision': 0.21052631578947367, 'recall': 0.5, 'f1': 0.2962962962962963, 'count': 8}","{'precision': 0.375, 'recall': 0.375, 'f1': 0.375, 'count': 8}","{'precision': 1.0, 'recall': 0.25, 'f1': 0.4, 'count': 8}","{'precision': 0.2, 'recall': 0.5, 'f1': 0.28571428571428575, 'count': 8}","{'precision': 0.2222222222222222, 'recall': 0.5, 'f1': 0.30769230769230765, 'count': 8}","{'precision': 1.0, 'recall': 0.0, 'f1': 0.0, 'count': 8}","{'precision': 0.6, 'recall': 0.375, 'f1': 0.4615384615384615, 'count': 8}","{'precision': 1.0, 'recall': 0.0, 'f1': 0.0, 'count': 8}","{'precision': 1.0, 'recall': 0.0, 'f1': 0.0, 'count': 8}","{'precision': 0.0, 'recall': 0.0, 'f1': 0.0, 'count': 8}","{'precision': 1.0, 'recall': 0.0, 'f1': 0.0, 'count': 8}","{'precision': 0.3333333333333333, 'recall': 0.125, 'f1': 0.18181818181818182, 'count': 8}","{'precision': 0.5, 'recall': 0.5, 'f1': 0.5, 'count': 8}","{'precision': 0.0, 'recall': 0.0, 'f1': 0.0, 'count': 8}","{'precision': 1.0, 'recall': 0.0, 'f1': 0.0, 'count': 8}","{'precision': 1.0, 'recall': 0.0, 'f1': 0.0, 'count': 8}","{'precision': 0.5, 'recall': 0.125, 'f1': 0.2, 'count': 8}","{'precision': 0.2608695652173913, 'recall': 0.75, 'f1': 0.3870967741935483, 'count': 8}","{'precision': 0.5, 'recall': 0.125, 'f1': 0.2, 'count': 8}","{'precision': 0.6666666666666666, 'recall': 0.25, 'f1': 0.36363636363636365, 'count': 8}","{'precision': 1.0, 'recall': 0.0, 'f1': 0.0, 'count': 8}","{'precision': 0.5, 'recall': 0.25, 'f1': 0.3333333333333333, 'count': 8}","{'precision': 0.2857142857142857, 'recall': 0.75, 'f1': 0.4137931034482759, 'count': 8}","{'precision': 0.4, 'recall': 1.0, 'f1': 0.5714285714285715, 'count': 8}","{'precision': 0.0, 'recall': 0.0, 'f1': 0.0, 'count': 8}","{'precision': 0.5, 'recall': 0.375, 'f1': 0.42857142857142855, 'count': 8}","{'precision': 0.2222222222222222, 'recall': 0.25, 'f1': 0.23529411764705882, 'count': 8}","{'precision': 0.24, 'recall': 0.75, 'f1': 0.36363636363636365, 'count': 8}","{'precision': 0.75, 'recall': 0.375, 'f1': 0.5, 'count': 8}","{'precision': 0.2916666666666667, 'recall': 0.875, 'f1': 0.43750000000000006, 'count': 8}","{'precision': 0.25, 'recall': 0.125, 'f1': 0.16666666666666666, 'count': 8}","{'precision': 0.25, 'recall': 0.125, 'f1': 0.16666666666666666, 'count': 8}","{'precision': 0.13793103448275862, 'recall': 0.5, 'f1': 0.2162162162162162, 'count': 8}","{'precision': 0.2222222222222222, 'recall': 0.5, 'f1': 0.30769230769230765, 'count': 8}","{'precision': 0.0, 'recall': 0.0, 'f1': 0.0, 'count': 8}","{'precision': 0.0, 'recall': 0.0, 'f1': 0.0, 'count': 8}"
epoch_5,"{'precision': 0.5, 'recall': 0.25, 'f1': 0.3333333333333333, 'count': 8}","{'precision': 1.0, 'recall': 0.0, 'f1': 0.0, 'count': 8}","{'precision': 0.2857142857142857, 'recall': 0.25, 'f1': 0.26666666666666666, 'count': 8}","{'precision': 0.3, 'recall': 0.375, 'f1': 0.33333333333333326, 'count': 8}","{'precision': 1.0, 'recall': 0.25, 'f1': 0.4, 'count': 8}","{'precision': 1.0, 'recall': 0.125, 'f1': 0.2222222222222222, 'count': 8}","{'precision': 0.1, 'recall': 0.125, 'f1': 0.11111111111111112, 'count': 8}","{'precision': 0.5, 'recall': 0.25, 'f1': 0.3333333333333333, 'count': 8}","{'precision': 0.4666666666666667, 'recall': 0.875, 'f1': 0.608695652173913, 'count': 8}","{'precision': 0.3, 'recall': 0.375, 'f1': 0.33333333333333326, 'count': 8}","{'precision': 0.46153846153846156, 'recall': 0.75, 'f1': 0.5714285714285714, 'count': 8}","{'precision': 0.2, 'recall': 0.125, 'f1': 0.15384615384615385, 'count': 8}","{'precision': 0.4, 'recall': 0.5, 'f1': 0.4444444444444445, 'count': 8}","{'precision': 0.5454545454545454, 'recall': 0.75, 'f1': 0.631578947368421, 'count': 8}","{'precision': 0.2631578947368421, 'recall': 0.625, 'f1': 0.37037037037037035, 'count': 8}","{'precision': 0.4444444444444444, 'recall': 0.5, 'f1': 0.47058823529411764, 'count': 8}","{'precision': 1.0, 'recall': 0.75, 'f1': 0.8571428571428571, 'count': 8}","{'precision': 0.26666666666666666, 'recall': 0.5, 'f1': 0.3478260869565218, 'count': 8}","{'precision': 0.2631578947368421, 'recall': 0.625, 'f1': 0.37037037037037035, 'count': 8}","{'precision': 1.0, 'recall': 0.0, 'f1': 0.0, 'count': 8}","{'precision': 0.5, 'recall': 0.625, 'f1': 0.5555555555555556, 'count': 8}","{'precision': 0.5, 'recall': 0.125, 'f1': 0.2, 'count': 8}","{'precision': 0.0, 'recall': 0.0, 'f1': 0.0, 'count': 8}","{'precision': 0.0, 'recall': 0.0, 'f1': 0.0, 'count': 8}","{'precision': 0.0, 'recall': 0.0, 'f1': 0.0, 'count': 8}","{'precision': 0.09090909090909091, 'recall': 0.125, 'f1': 0.10526315789473685, 'count': 8}","{'precision': 0.5, 'recall': 0.375, 'f1': 0.42857142857142855, 'count': 8}","{'precision': 0.4, 'recall': 0.25, 'f1': 0.3076923076923077, 'count': 8}","{'precision': 0.0, 'recall': 0.0, 'f1': 0.0, 'count': 8}","{'precision': 1.0, 'recall': 0.0, 'f1': 0.0, 'count': 8}","{'precision': 1.0, 'recall': 0.0, 'f1': 0.0, 'count': 8}","{'precision': 0.24, 'recall': 0.75, 'f1': 0.36363636363636365, 'count': 8}","{'precision': 0.5, 'recall': 0.125, 'f1': 0.2, 'count': 8}","{'precision': 0.5, 'recall': 0.25, 'f1': 0.3333333333333333, 'count': 8}","{'precision': 1.0, 'recall': 0.0, 'f1': 0.0, 'count': 8}","{'precision': 0.42857142857142855, 'recall': 0.375, 'f1': 0.39999999999999997, 'count': 8}","{'precision': 0.21052631578947367, 'recall': 0.5, 'f1': 0.2962962962962963, 'count': 8}","{'precision': 0.6153846153846154, 'recall': 1.0, 'f1': 0.761904761904762, 'count': 8}","{'precision': 0.3333333333333333, 'recall': 0.25, 'f1': 0.28571428571428575, 'count': 8}","{'precision': 0.875, 'recall': 0.875, 'f1': 0.875, 'count': 8}","{'precision': 0.0, 'recall': 0.0, 'f1': 0.0, 'count': 8}","{'precision': 0.3333333333333333, 'recall': 0.5, 'f1': 0.4, 'count': 8}","{'precision': 0.6363636363636364, 'recall': 0.875, 'f1': 0.7368421052631579, 'count': 8}","{'precision': 0.4117647058823529, 'recall': 0.875, 'f1': 0.56, 'count': 8}","{'precision': 0.3333333333333333, 'recall': 0.125, 'f1': 0.18181818181818182, 'count': 8}","{'precision': 0.125, 'recall': 0.375, 'f1': 0.1875, 'count': 8}","{'precision': 0.125, 'recall': 0.125, 'f1': 0.125, 'count': 8}","{'precision': 0.75, 'recall': 0.375, 'f1': 0.5, 'count': 8}","{'precision': 0.1111111111111111, 'recall': 0.125, 'f1': 0.11764705882352941, 'count': 8}","{'precision': 0.2, 'recall': 0.125, 'f1': 0.15384615384615385, 'count': 8}"
epoch_6,"{'precision': 0.11764705882352941, 'recall': 0.25, 'f1': 0.15999999999999998, 'count': 8}","{'precision': 0.5, 'recall': 0.125, 'f1': 0.2, 'count': 8}","{'precision': 0.0, 'recall': 0.0, 'f1': 0.0, 'count': 8}","{'precision': 0.5, 'recall': 0.25, 'f1': 0.3333333333333333, 'count': 8}","{'precision': 1.0, 'recall': 0.5, 'f1': 0.6666666666666666, 'count': 8}","{'precision': 1.0, 'recall': 0.125, 'f1': 0.2222222222222222, 'count': 8}","{'precision': 0.0, 'recall': 0.0, 'f1': 0.0, 'count': 8}","{'precision': 0.8333333333333334, 'recall': 0.625, 'f1': 0.7142857142857143, 'count': 8}","{'precision': 0.6666666666666666, 'recall': 0.5, 'f1': 0.5714285714285715, 'count': 8}","{'precision': 0.25, 'recall': 0.125, 'f1': 0.16666666666666666, 'count': 8}","{'precision': 0.5384615384615384, 'recall': 0.875, 'f1': 0.6666666666666667, 'count': 8}","{'precision': 0.125, 'recall': 0.125, 'f1': 0.125, 'count': 8}","{'precision': 0.5, 'recall': 0.125, 'f1': 0.2, 'count': 8}","{'precision': 0.5454545454545454, 'recall': 0.75, 'f1': 0.631578947368421, 'count': 8}","{'precision': 0.3333333333333333, 'recall': 0.375, 'f1': 0.35294117647058826, 'count': 8}","{'precision': 0.3076923076923077, 'recall': 0.5, 'f1': 0.380952380952381, 'count': 8}","{'precision': 1.0, 'recall': 0.75, 'f1': 0.8571428571428571, 'count': 8}","{'precision': 0.4166666666666667, 'recall': 0.625, 'f1': 0.5, 'count': 8}","{'precision': 0.25, 'recall': 0.625, 'f1': 0.35714285714285715, 'count': 8}","{'precision': 0.0, 'recall': 0.0, 'f1': 0.0, 'count': 8}","{'precision': 0.5, 'recall': 0.625, 'f1': 0.5555555555555556, 'count': 8}","{'precision': 0.5, 'recall': 0.125, 'f1': 0.2, 'count': 8}","{'precision': 0.0, 'recall': 0.0, 'f1': 0.0, 'count': 8}","{'precision': 0.0, 'recall': 0.0, 'f1': 0.0, 'count': 8}","{'precision': 0.0, 'recall': 0.0, 'f1': 0.0, 'count': 8}","{'precision': 0.5, 'recall': 0.25, 'f1': 0.3333333333333333, 'count': 8}","{'precision': 0.4166666666666667, 'recall': 0.625, 'f1': 0.5, 'count': 8}","{'precision': 0.5, 'recall': 0.625, 'f1': 0.5555555555555556, 'count': 8}","{'precision': 0.0, 'recall': 0.0, 'f1': 0.0, 'count': 8}","{'precision': 1.0, 'recall': 0.0, 'f1': 0.0, 'count': 8}","{'precision': 1.0, 'recall': 0.375, 'f1': 0.5454545454545454, 'count': 8}","{'precision': 0.4166666666666667, 'recall': 0.625, 'f1': 0.5, 'count': 8}","{'precision': 0.0, 'recall': 0.0, 'f1': 0.0, 'count': 8}","{'precision': 0.4444444444444444, 'recall': 0.5, 'f1': 0.47058823529411764, 'count': 8}","{'precision': 1.0, 'recall': 0.0, 'f1': 0.0, 'count': 8}","{'precision': 0.7142857142857143, 'recall': 0.625, 'f1': 0.6666666666666666, 'count': 8}","{'precision': 1.0, 'recall': 0.25, 'f1': 0.4, 'count': 8}","{'precision': 0.7272727272727273, 'recall': 1.0, 'f1': 0.8421052631578948, 'count': 8}","{'precision': 0.0, 'recall': 0.0, 'f1': 0.0, 'count': 8}","{'precision': 0.8571428571428571, 'recall': 0.75, 'f1': 0.7999999999999999, 'count': 8}","{'precision': 0.23809523809523808, 'recall': 0.625, 'f1': 0.3448275862068965, 'count': 8}","{'precision': 0.3125, 'recall': 0.625, 'f1': 0.4166666666666667, 'count': 8}","{'precision': 0.5, 'recall': 0.5, 'f1': 0.5, 'count': 8}","{'precision': 0.35, 'recall': 0.875, 'f1': 0.4999999999999999, 'count': 8}","{'precision': 0.6666666666666666, 'recall': 0.25, 'f1': 0.36363636363636365, 'count': 8}","{'precision': 0.25, 'recall': 0.25, 'f1': 0.25, 'count': 8}","{'precision': 0.12, 'recall': 0.75, 'f1': 0.20689655172413793, 'count': 8}","{'precision': 0.21052631578947367, 'recall': 0.5, 'f1': 0.2962962962962963, 'count': 8}","{'precision': 0.0, 'recall': 0.0, 'f1': 0.0, 'count': 8}","{'precision': 0.0, 'recall': 0.0, 'f1': 0.0, 'count': 8}"
epoch_7,"{'precision': 0.5, 'recall': 0.25, 'f1': 0.3333333333333333, 'count': 8}","{'precision': 0.2, 'recall': 0.125, 'f1': 0.15384615384615385, 'count': 8}","{'precision': 0.625, 'recall': 0.625, 'f1': 0.625, 'count': 8}","{'precision': 0.4, 'recall': 0.5, 'f1': 0.4444444444444445, 'count': 8}","{'precision': 1.0, 'recall': 0.75, 'f1': 0.8571428571428571, 'count': 8}","{'precision': 1.0, 'recall': 0.25, 'f1': 0.4, 'count': 8}","{'precision': 0.0, 'recall': 0.0, 'f1': 0.0, 'count': 8}","{'precision': 0.5555555555555556, 'recall': 0.625, 'f1': 0.5882352941176471, 'count': 8}","{'precision': 0.7142857142857143, 'recall': 0.625, 'f1': 0.6666666666666666, 'count': 8}","{'precision': 0.5, 'recall': 0.125, 'f1': 0.2, 'count': 8}","{'precision': 0.5, 'recall': 0.875, 'f1': 0.6363636363636364, 'count': 8}","{'precision': 0.0, 'recall': 0.0, 'f1': 0.0, 'count': 8}","{'precision': 0.6666666666666666, 'recall': 0.25, 'f1': 0.36363636363636365, 'count': 8}","{'precision': 0.5384615384615384, 'recall': 0.875, 'f1': 0.6666666666666667, 'count': 8}","{'precision': 0.4444444444444444, 'recall': 0.5, 'f1': 0.47058823529411764, 'count': 8}","{'precision': 0.4444444444444444, 'recall': 0.5, 'f1': 0.47058823529411764, 'count': 8}","{'precision': 1.0, 'recall': 0.875, 'f1': 0.9333333333333333, 'count': 8}","{'precision': 0.4, 'recall': 0.5, 'f1': 0.4444444444444445, 'count': 8}","{'precision': 0.23076923076923078, 'recall': 0.75, 'f1': 0.3529411764705882, 'count': 8}","{'precision': 1.0, 'recall': 0.0, 'f1': 0.0, 'count': 8}","{'precision': 0.45454545454545453, 'recall': 0.625, 'f1': 0.5263157894736842, 'count': 8}","{'precision': 0.5, 'recall': 0.125, 'f1': 0.2, 'count': 8}","{'precision': 0.1, 'recall': 0.125, 'f1': 0.11111111111111112, 'count': 8}","{'precision': 0.0, 'recall': 0.0, 'f1': 0.0, 'count': 8}","{'precision': 0.25, 'recall': 0.125, 'f1': 0.16666666666666666, 'count': 8}","{'precision': 1.0, 'recall': 0.25, 'f1': 0.4, 'count': 8}","{'precision': 0.5, 'recall': 0.5, 'f1': 0.5, 'count': 8}","{'precision': 0.8571428571428571, 'recall': 0.75, 'f1': 0.7999999999999999, 'count': 8}","{'precision': 0.0, 'recall': 0.0, 'f1': 0.0, 'count': 8}","{'precision': 0.6666666666666666, 'recall': 0.25, 'f1': 0.36363636363636365, 'count': 8}","{'precision': 0.6, 'recall': 0.375, 'f1': 0.4615384615384615, 'count': 8}","{'precision': 0.2857142857142857, 'recall': 0.5, 'f1': 0.36363636363636365, 'count': 8}","{'precision': 0.0, 'recall': 0.0, 'f1': 0.0, 'count': 8}","{'precision': 0.45454545454545453, 'recall': 0.625, 'f1': 0.5263157894736842, 'count': 8}","{'precision': 1.0, 'recall': 0.0, 'f1': 0.0, 'count': 8}","{'precision': 0.5833333333333334, 'recall': 0.875, 'f1': 0.7000000000000001, 'count': 8}","{'precision': 0.26666666666666666, 'recall': 0.5, 'f1': 0.3478260869565218, 'count': 8}","{'precision': 0.8888888888888888, 'recall': 1.0, 'f1': 0.9411764705882353, 'count': 8}","{'precision': 0.1, 'recall': 0.125, 'f1': 0.11111111111111112, 'count': 8}","{'precision': 0.6666666666666666, 'recall': 0.25, 'f1': 0.36363636363636365, 'count': 8}","{'precision': 0.36363636363636365, 'recall': 0.5, 'f1': 0.4210526315789474, 'count': 8}","{'precision': 0.35714285714285715, 'recall': 0.625, 'f1': 0.45454545454545453, 'count': 8}","{'precision': 0.625, 'recall': 0.625, 'f1': 0.625, 'count': 8}","{'precision': 0.36363636363636365, 'recall': 1.0, 'f1': 0.5333333333333333, 'count': 8}","{'precision': 0.5555555555555556, 'recall': 0.625, 'f1': 0.5882352941176471, 'count': 8}","{'precision': 0.2727272727272727, 'recall': 0.375, 'f1': 0.3157894736842105, 'count': 8}","{'precision': 0.16666666666666666, 'recall': 0.5, 'f1': 0.25, 'count': 8}","{'precision': 0.75, 'recall': 0.375, 'f1': 0.5, 'count': 8}","{'precision': 0.2, 'recall': 0.125, 'f1': 0.15384615384615385, 'count': 8}","{'precision': 0.36363636363636365, 'recall': 0.5, 'f1': 0.4210526315789474, 'count': 8}"
epoch_8,"{'precision': 0.0, 'recall': 0.0, 'f1': 0.0, 'count': 8}","{'precision': 0.25, 'recall': 0.25, 'f1': 0.25, 'count': 8}","{'precision': 0.2, 'recall': 0.125, 'f1': 0.15384615384615385, 'count': 8}","{'precision': 0.42857142857142855, 'recall': 0.375, 'f1': 0.39999999999999997, 'count': 8}","{'precision': 1.0, 'recall': 0.75, 'f1': 0.8571428571428571, 'count': 8}","{'precision': 0.6666666666666666, 'recall': 0.25, 'f1': 0.36363636363636365, 'count': 8}","{'precision': 0.6666666666666666, 'recall': 0.25, 'f1': 0.36363636363636365, 'count': 8}","{'precision': 0.5384615384615384, 'recall': 0.875, 'f1': 0.6666666666666667, 'count': 8}","{'precision': 0.6666666666666666, 'recall': 0.5, 'f1': 0.5714285714285715, 'count': 8}","{'precision': 0.3333333333333333, 'recall': 0.125, 'f1': 0.18181818181818182, 'count': 8}","{'precision': 0.7, 'recall': 0.875, 'f1': 0.7777777777777777, 'count': 8}","{'precision': 0.3333333333333333, 'recall': 0.25, 'f1': 0.28571428571428575, 'count': 8}","{'precision': 0.42857142857142855, 'recall': 0.375, 'f1': 0.39999999999999997, 'count': 8}","{'precision': 0.625, 'recall': 0.625, 'f1': 0.625, 'count': 8}","{'precision': 0.35294117647058826, 'recall': 0.75, 'f1': 0.48, 'count': 8}","{'precision': 0.75, 'recall': 0.375, 'f1': 0.5, 'count': 8}","{'precision': 0.875, 'recall': 0.875, 'f1': 0.875, 'count': 8}","{'precision': 0.3125, 'recall': 0.625, 'f1': 0.4166666666666667, 'count': 8}","{'precision': 0.4, 'recall': 0.75, 'f1': 0.5217391304347827, 'count': 8}","{'precision': 1.0, 'recall': 0.0, 'f1': 0.0, 'count': 8}","{'precision': 0.5, 'recall': 0.75, 'f1': 0.6, 'count': 8}","{'precision': 0.5, 'recall': 0.125, 'f1': 0.2, 'count': 8}","{'precision': 0.25, 'recall': 0.125, 'f1': 0.16666666666666666, 'count': 8}","{'precision': 0.0, 'recall': 0.0, 'f1': 0.0, 'count': 8}","{'precision': 0.0, 'recall': 0.0, 'f1': 0.0, 'count': 8}","{'precision': 0.5, 'recall': 0.25, 'f1': 0.3333333333333333, 'count': 8}","{'precision': 0.5, 'recall': 0.625, 'f1': 0.5555555555555556, 'count': 8}","{'precision': 0.7142857142857143, 'recall': 0.625, 'f1': 0.6666666666666666, 'count': 8}","{'precision': 0.0, 'recall': 0.0, 'f1': 0.0, 'count': 8}","{'precision': 0.6666666666666666, 'recall': 0.25, 'f1': 0.36363636363636365, 'count': 8}","{'precision': 0.5, 'recall': 0.375, 'f1': 0.42857142857142855, 'count': 8}","{'precision': 0.2, 'recall': 0.375, 'f1': 0.26086956521739135, 'count': 8}","{'precision': 0.25, 'recall': 0.125, 'f1': 0.16666666666666666, 'count': 8}","{'precision': 0.625, 'recall': 0.625, 'f1': 0.625, 'count': 8}","{'precision': 0.0, 'recall': 0.0, 'f1': 0.0, 'count': 8}","{'precision': 0.30434782608695654, 'recall': 0.875, 'f1': 0.4516129032258065, 'count': 8}","{'precision': 0.36363636363636365, 'recall': 0.5, 'f1': 0.4210526315789474, 'count': 8}","{'precision': 1.0, 'recall': 1.0, 'f1': 1.0, 'count': 8}","{'precision': 0.26666666666666666, 'recall': 0.5, 'f1': 0.3478260869565218, 'count': 8}","{'precision': 1.0, 'recall': 0.25, 'f1': 0.4, 'count': 8}","{'precision': 0.6, 'recall': 0.375, 'f1': 0.4615384615384615, 'count': 8}","{'precision': 0.4166666666666667, 'recall': 0.625, 'f1': 0.5, 'count': 8}","{'precision': 0.42105263157894735, 'recall': 1.0, 'f1': 0.5925925925925926, 'count': 8}","{'precision': 0.5, 'recall': 0.875, 'f1': 0.6363636363636364, 'count': 8}","{'precision': 0.6666666666666666, 'recall': 0.5, 'f1': 0.5714285714285715, 'count': 8}","{'precision': 0.16666666666666666, 'recall': 0.125, 'f1': 0.14285714285714288, 'count': 8}","{'precision': 0.16666666666666666, 'recall': 0.25, 'f1': 0.2, 'count': 8}","{'precision': 1.0, 'recall': 0.25, 'f1': 0.4, 'count': 8}","{'precision': 0.25, 'recall': 0.125, 'f1': 0.16666666666666666, 'count': 8}","{'precision': 0.24, 'recall': 0.75, 'f1': 0.36363636363636365, 'count': 8}"
epoch_9,"{'precision': 0.6666666666666666, 'recall': 0.25, 'f1': 0.36363636363636365, 'count': 8}","{'precision': 0.3333333333333333, 'recall': 0.25, 'f1': 0.28571428571428575, 'count': 8}","{'precision': 0.4, 'recall': 0.25, 'f1': 0.3076923076923077, 'count': 8}","{'precision': 0.5, 'recall': 0.25, 'f1': 0.3333333333333333, 'count': 8}","{'precision': 0.8571428571428571, 'recall': 0.75, 'f1': 0.7999999999999999, 'count': 8}","{'precision': 0.8, 'recall': 0.5, 'f1': 0.6153846153846154, 'count': 8}","{'precision': 0.5, 'recall': 0.75, 'f1': 0.6, 'count': 8}","{'precision': 0.8333333333333334, 'recall': 0.625, 'f1': 0.7142857142857143, 'count': 8}","{'precision': 0.5454545454545454, 'recall': 0.75, 'f1': 0.631578947368421, 'count': 8}","{'precision': 0.14285714285714285, 'recall': 0.125, 'f1': 0.13333333333333333, 'count': 8}","{'precision': 0.5833333333333334, 'recall': 0.875, 'f1': 0.7000000000000001, 'count': 8}","{'precision': 0.3333333333333333, 'recall': 0.25, 'f1': 0.28571428571428575, 'count': 8}","{'precision': 0.5555555555555556, 'recall': 0.625, 'f1': 0.5882352941176471, 'count': 8}","{'precision': 0.5, 'recall': 0.875, 'f1': 0.6363636363636364, 'count': 8}","{'precision': 0.5, 'recall': 0.625, 'f1': 0.5555555555555556, 'count': 8}","{'precision': 0.3125, 'recall': 0.625, 'f1': 0.4166666666666667, 'count': 8}","{'precision': 0.7777777777777778, 'recall': 0.875, 'f1': 0.823529411764706, 'count': 8}","{'precision': 0.8, 'recall': 0.5, 'f1': 0.6153846153846154, 'count': 8}","{'precision': 0.4, 'recall': 0.5, 'f1': 0.4444444444444445, 'count': 8}","{'precision': 0.0, 'recall': 0.0, 'f1': 0.0, 'count': 8}","{'precision': 0.5, 'recall': 0.625, 'f1': 0.5555555555555556, 'count': 8}","{'precision': 0.5, 'recall': 0.125, 'f1': 0.2, 'count': 8}","{'precision': 0.25, 'recall': 0.25, 'f1': 0.25, 'count': 8}","{'precision': 0.0, 'recall': 0.0, 'f1': 0.0, 'count': 8}","{'precision': 0.0, 'recall': 0.0, 'f1': 0.0, 'count': 8}","{'precision': 0.5714285714285714, 'recall': 0.5, 'f1': 0.5333333333333333, 'count': 8}","{'precision': 0.38461538461538464, 'recall': 0.625, 'f1': 0.4761904761904762, 'count': 8}","{'precision': 0.625, 'recall': 0.625, 'f1': 0.625, 'count': 8}","{'precision': 0.0, 'recall': 0.0, 'f1': 0.0, 'count': 8}","{'precision': 0.5, 'recall': 0.25, 'f1': 0.3333333333333333, 'count': 8}","{'precision': 0.5, 'recall': 0.375, 'f1': 0.42857142857142855, 'count': 8}","{'precision': 0.38461538461538464, 'recall': 0.625, 'f1': 0.4761904761904762, 'count': 8}","{'precision': 0.42857142857142855, 'recall': 0.375, 'f1': 0.39999999999999997, 'count': 8}","{'precision': 0.6666666666666666, 'recall': 0.5, 'f1': 0.5714285714285715, 'count': 8}","{'precision': 1.0, 'recall': 0.0, 'f1': 0.0, 'count': 8}","{'precision': 0.7, 'recall': 0.875, 'f1': 0.7777777777777777, 'count': 8}","{'precision': 0.38461538461538464, 'recall': 0.625, 'f1': 0.4761904761904762, 'count': 8}","{'precision': 1.0, 'recall': 1.0, 'f1': 1.0, 'count': 8}","{'precision': 0.2857142857142857, 'recall': 0.25, 'f1': 0.26666666666666666, 'count': 8}","{'precision': 0.8333333333333334, 'recall': 0.625, 'f1': 0.7142857142857143, 'count': 8}","{'precision': 0.5714285714285714, 'recall': 0.5, 'f1': 0.5333333333333333, 'count': 8}","{'precision': 0.45454545454545453, 'recall': 0.625, 'f1': 0.5263157894736842, 'count': 8}","{'precision': 0.46153846153846156, 'recall': 0.75, 'f1': 0.5714285714285714, 'count': 8}","{'precision': 0.4375, 'recall': 0.875, 'f1': 0.5833333333333334, 'count': 8}","{'precision': 0.5555555555555556, 'recall': 0.625, 'f1': 0.5882352941176471, 'count': 8}","{'precision': 0.2, 'recall': 0.375, 'f1': 0.26086956521739135, 'count': 8}","{'precision': 0.14285714285714285, 'recall': 0.25, 'f1': 0.18181818181818182, 'count': 8}","{'precision': 0.42857142857142855, 'recall': 0.375, 'f1': 0.39999999999999997, 'count': 8}","{'precision': 0.0, 'recall': 0.0, 'f1': 0.0, 'count': 8}","{'precision': 0.5, 'recall': 0.375, 'f1': 0.42857142857142855, 'count': 8}"
epoch_10,"{'precision': 1.0, 'recall': 0.0, 'f1': 0.0, 'count': 8}","{'precision': 0.125, 'recall': 0.125, 'f1': 0.125, 'count': 8}","{'precision': 0.5555555555555556, 'recall': 0.625, 'f1': 0.5882352941176471, 'count': 8}","{'precision': 0.75, 'recall': 0.375, 'f1': 0.5, 'count': 8}","{'precision': 1.0, 'recall': 0.75, 'f1': 0.8571428571428571, 'count': 8}","{'precision': 0.75, 'recall': 0.375, 'f1': 0.5, 'count': 8}","{'precision': 0.6666666666666666, 'recall': 0.5, 'f1': 0.5714285714285715, 'count': 8}","{'precision': 0.5714285714285714, 'recall': 0.5, 'f1': 0.5333333333333333, 'count': 8}","{'precision': 0.8, 'recall': 0.5, 'f1': 0.6153846153846154, 'count': 8}","{'precision': 0.25, 'recall': 0.125, 'f1': 0.16666666666666666, 'count': 8}","{'precision': 0.7777777777777778, 'recall': 0.875, 'f1': 0.823529411764706, 'count': 8}","{'precision': 0.5, 'recall': 0.375, 'f1': 0.42857142857142855, 'count': 8}","{'precision': 0.5, 'recall': 0.625, 'f1': 0.5555555555555556, 'count': 8}","{'precision': 0.5, 'recall': 0.875, 'f1': 0.6363636363636364, 'count': 8}","{'precision': 0.3157894736842105, 'recall': 0.75, 'f1': 0.44444444444444436, 'count': 8}","{'precision': 0.5, 'recall': 0.375, 'f1': 0.42857142857142855, 'count': 8}","{'precision': 0.8888888888888888, 'recall': 1.0, 'f1': 0.9411764705882353, 'count': 8}","{'precision': 0.625, 'recall': 0.625, 'f1': 0.625, 'count': 8}","{'precision': 0.4166666666666667, 'recall': 0.625, 'f1': 0.5, 'count': 8}","{'precision': 1.0, 'recall': 0.0, 'f1': 0.0, 'count': 8}","{'precision': 0.5454545454545454, 'recall': 0.75, 'f1': 0.631578947368421, 'count': 8}","{'precision': 0.5, 'recall': 0.125, 'f1': 0.2, 'count': 8}","{'precision': 0.18181818181818182, 'recall': 0.25, 'f1': 0.2105263157894737, 'count': 8}","{'precision': 0.0, 'recall': 0.0, 'f1': 0.0, 'count': 8}","{'precision': 0.4, 'recall': 0.25, 'f1': 0.3076923076923077, 'count': 8}","{'precision': 0.5714285714285714, 'recall': 0.5, 'f1': 0.5333333333333333, 'count': 8}","{'precision': 0.38461538461538464, 'recall': 0.625, 'f1': 0.4761904761904762, 'count': 8}","{'precision': 0.7272727272727273, 'recall': 1.0, 'f1': 0.8421052631578948, 'count': 8}","{'precision': 0.0, 'recall': 0.0, 'f1': 0.0, 'count': 8}","{'precision': 0.5555555555555556, 'recall': 0.625, 'f1': 0.5882352941176471, 'count': 8}","{'precision': 0.3333333333333333, 'recall': 0.375, 'f1': 0.35294117647058826, 'count': 8}","{'precision': 0.3333333333333333, 'recall': 0.25, 'f1': 0.28571428571428575, 'count': 8}","{'precision': 0.3333333333333333, 'recall': 0.125, 'f1': 0.18181818181818182, 'count': 8}","{'precision': 0.4166666666666667, 'recall': 0.625, 'f1': 0.5, 'count': 8}","{'precision': 0.0, 'recall': 0.0, 'f1': 0.0, 'count': 8}","{'precision': 0.7777777777777778, 'recall': 0.875, 'f1': 0.823529411764706, 'count': 8}","{'precision': 0.35714285714285715, 'recall': 0.625, 'f1': 0.45454545454545453, 'count': 8}","{'precision': 1.0, 'recall': 1.0, 'f1': 1.0, 'count': 8}","{'precision': 0.5, 'recall': 0.25, 'f1': 0.3333333333333333, 'count': 8}","{'precision': 0.6666666666666666, 'recall': 0.25, 'f1': 0.36363636363636365, 'count': 8}","{'precision': 0.6, 'recall': 0.75, 'f1': 0.6666666666666665, 'count': 8}","{'precision': 0.4166666666666667, 'recall': 0.625, 'f1': 0.5, 'count': 8}","{'precision': 0.5833333333333334, 'recall': 0.875, 'f1': 0.7000000000000001, 'count': 8}","{'precision': 0.38095238095238093, 'recall': 1.0, 'f1': 0.5517241379310345, 'count': 8}","{'precision': 0.5, 'recall': 0.75, 'f1': 0.6, 'count': 8}","{'precision': 0.4, 'recall': 0.25, 'f1': 0.3076923076923077, 'count': 8}","{'precision': 0.13636363636363635, 'recall': 0.375, 'f1': 0.19999999999999998, 'count': 8}","{'precision': 0.8, 'recall': 0.5, 'f1': 0.6153846153846154, 'count': 8}","{'precision': 0.5, 'recall': 0.125, 'f1': 0.2, 'count': 8}","{'precision': 0.5714285714285714, 'recall': 0.5, 'f1': 0.5333333333333333, 'count': 8}"
epoch_11,"{'precision': 0.5, 'recall': 0.125, 'f1': 0.2, 'count': 8}","{'precision': 0.3333333333333333, 'recall': 0.25, 'f1': 0.28571428571428575, 'count': 8}","{'precision': 0.7142857142857143, 'recall': 0.625, 'f1': 0.6666666666666666, 'count': 8}","{'precision': 0.8, 'recall': 0.5, 'f1': 0.6153846153846154, 'count': 8}","{'precision': 1.0, 'recall': 0.75, 'f1': 0.8571428571428571, 'count': 8}","{'precision': 0.75, 'recall': 0.375, 'f1': 0.5, 'count': 8}","{'precision': 0.6, 'recall': 0.375, 'f1': 0.4615384615384615, 'count': 8}","{'precision': 0.5555555555555556, 'recall': 0.625, 'f1': 0.5882352941176471, 'count': 8}","{'precision': 0.5, 'recall': 0.5, 'f1': 0.5, 'count': 8}","{'precision': 0.3333333333333333, 'recall': 0.25, 'f1': 0.28571428571428575, 'count': 8}","{'precision': 0.7, 'recall': 0.875, 'f1': 0.7777777777777777, 'count': 8}","{'precision': 0.3333333333333333, 'recall': 0.125, 'f1': 0.18181818181818182, 'count': 8}","{'precision': 0.4, 'recall': 0.5, 'f1': 0.4444444444444445, 'count': 8}","{'precision': 0.5454545454545454, 'recall': 0.75, 'f1': 0.631578947368421, 'count': 8}","{'precision': 0.46153846153846156, 'recall': 0.75, 'f1': 0.5714285714285714, 'count': 8}","{'precision': 0.42857142857142855, 'recall': 0.375, 'f1': 0.39999999999999997, 'count': 8}","{'precision': 0.875, 'recall': 0.875, 'f1': 0.875, 'count': 8}","{'precision': 0.7142857142857143, 'recall': 0.625, 'f1': 0.6666666666666666, 'count': 8}","{'precision': 0.3181818181818182, 'recall': 0.875, 'f1': 0.4666666666666667, 'count': 8}","{'precision': 1.0, 'recall': 0.125, 'f1': 0.2222222222222222, 'count': 8}","{'precision': 0.5555555555555556, 'recall': 0.625, 'f1': 0.5882352941176471, 'count': 8}","{'precision': 0.25, 'recall': 0.125, 'f1': 0.16666666666666666, 'count': 8}","{'precision': 0.0, 'recall': 0.0, 'f1': 0.0, 'count': 8}","{'precision': 0.0, 'recall': 0.0, 'f1': 0.0, 'count': 8}","{'precision': 0.3, 'recall': 0.375, 'f1': 0.33333333333333326, 'count': 8}","{'precision': 0.5, 'recall': 0.375, 'f1': 0.42857142857142855, 'count': 8}","{'precision': 0.7142857142857143, 'recall': 0.625, 'f1': 0.6666666666666666, 'count': 8}","{'precision': 0.7142857142857143, 'recall': 0.625, 'f1': 0.6666666666666666, 'count': 8}","{'precision': 0.0, 'recall': 0.0, 'f1': 0.0, 'count': 8}","{'precision': 1.0, 'recall': 0.125, 'f1': 0.2222222222222222, 'count': 8}","{'precision': 0.4444444444444444, 'recall': 0.5, 'f1': 0.47058823529411764, 'count': 8}","{'precision': 0.3, 'recall': 0.375, 'f1': 0.33333333333333326, 'count': 8}","{'precision': 0.2857142857142857, 'recall': 0.25, 'f1': 0.26666666666666666, 'count': 8}","{'precision': 0.35714285714285715, 'recall': 0.625, 'f1': 0.45454545454545453, 'count': 8}","{'precision': 0.0, 'recall': 0.0, 'f1': 0.0, 'count': 8}","{'precision': 0.875, 'recall': 0.875, 'f1': 0.875, 'count': 8}","{'precision': 0.625, 'recall': 0.625, 'f1': 0.625, 'count': 8}","{'precision': 1.0, 'recall': 1.0, 'f1': 1.0, 'count': 8}","{'precision': 0.2777777777777778, 'recall': 0.625, 'f1': 0.3846153846153846, 'count': 8}","{'precision': 0.75, 'recall': 0.375, 'f1': 0.5, 'count': 8}","{'precision': 0.5, 'recall': 0.375, 'f1': 0.42857142857142855, 'count': 8}","{'precision': 0.46153846153846156, 'recall': 0.75, 'f1': 0.5714285714285714, 'count': 8}","{'precision': 0.4, 'recall': 0.75, 'f1': 0.5217391304347827, 'count': 8}","{'precision': 0.4666666666666667, 'recall': 0.875, 'f1': 0.608695652173913, 'count': 8}","{'precision': 0.75, 'recall': 0.75, 'f1': 0.75, 'count': 8}","{'precision': 0.3333333333333333, 'recall': 0.25, 'f1': 0.28571428571428575, 'count': 8}","{'precision': 0.3333333333333333, 'recall': 0.5, 'f1': 0.4, 'count': 8}","{'precision': 0.4, 'recall': 0.25, 'f1': 0.3076923076923077, 'count': 8}","{'precision': 0.2, 'recall': 0.125, 'f1': 0.15384615384615385, 'count': 8}","{'precision': 0.42857142857142855, 'recall': 0.75, 'f1': 0.5454545454545454, 'count': 8}"
epoch_12,"{'precision': 0.3333333333333333, 'recall': 0.125, 'f1': 0.18181818181818182, 'count': 8}","{'precision': 0.4, 'recall': 0.25, 'f1': 0.3076923076923077, 'count': 8}","{'precision': 0.625, 'recall': 0.625, 'f1': 0.625, 'count': 8}","{'precision': 1.0, 'recall': 0.125, 'f1': 0.2222222222222222, 'count': 8}","{'precision': 1.0, 'recall': 0.75, 'f1': 0.8571428571428571, 'count': 8}","{'precision': 0.8, 'recall': 0.5, 'f1': 0.6153846153846154, 'count': 8}","{'precision': 0.4166666666666667, 'recall': 0.625, 'f1': 0.5, 'count': 8}","{'precision': 0.6666666666666666, 'recall': 1.0, 'f1': 0.8, 'count': 8}","{'precision': 0.5, 'recall': 0.5, 'f1': 0.5, 'count': 8}","{'precision': 0.3333333333333333, 'recall': 0.125, 'f1': 0.18181818181818182, 'count': 8}","{'precision': 0.7777777777777778, 'recall': 0.875, 'f1': 0.823529411764706, 'count': 8}","{'precision': 0.5, 'recall': 0.375, 'f1': 0.42857142857142855, 'count': 8}","{'precision': 0.625, 'recall': 0.625, 'f1': 0.625, 'count': 8}","{'precision': 0.5833333333333334, 'recall': 0.875, 'f1': 0.7000000000000001, 'count': 8}","{'precision': 0.5, 'recall': 0.5, 'f1': 0.5, 'count': 8}","{'precision': 0.42857142857142855, 'recall': 0.375, 'f1': 0.39999999999999997, 'count': 8}","{'precision': 0.7777777777777778, 'recall': 0.875, 'f1': 0.823529411764706, 'count': 8}","{'precision': 0.7142857142857143, 'recall': 0.625, 'f1': 0.6666666666666666, 'count': 8}","{'precision': 0.4444444444444444, 'recall': 0.5, 'f1': 0.47058823529411764, 'count': 8}","{'precision': 1.0, 'recall': 0.125, 'f1': 0.2222222222222222, 'count': 8}","{'precision': 0.6, 'recall': 0.75, 'f1': 0.6666666666666665, 'count': 8}","{'precision': 0.25, 'recall': 0.125, 'f1': 0.16666666666666666, 'count': 8}","{'precision': 0.2, 'recall': 0.125, 'f1': 0.15384615384615385, 'count': 8}","{'precision': 0.0, 'recall': 0.0, 'f1': 0.0, 'count': 8}","{'precision': 0.3333333333333333, 'recall': 0.25, 'f1': 0.28571428571428575, 'count': 8}","{'precision': 0.6, 'recall': 0.375, 'f1': 0.4615384615384615, 'count': 8}","{'precision': 0.625, 'recall': 0.625, 'f1': 0.625, 'count': 8}","{'precision': 0.7272727272727273, 'recall': 1.0, 'f1': 0.8421052631578948, 'count': 8}","{'precision': 0.0, 'recall': 0.0, 'f1': 0.0, 'count': 8}","{'precision': 0.5555555555555556, 'recall': 0.625, 'f1': 0.5882352941176471, 'count': 8}","{'precision': 0.36363636363636365, 'recall': 0.5, 'f1': 0.4210526315789474, 'count': 8}","{'precision': 0.2, 'recall': 0.375, 'f1': 0.26086956521739135, 'count': 8}","{'precision': 0.4, 'recall': 0.5, 'f1': 0.4444444444444445, 'count': 8}","{'precision': 0.4444444444444444, 'recall': 0.5, 'f1': 0.47058823529411764, 'count': 8}","{'precision': 1.0, 'recall': 0.125, 'f1': 0.2222222222222222, 'count': 8}","{'precision': 0.8, 'recall': 1.0, 'f1': 0.888888888888889, 'count': 8}","{'precision': 0.5555555555555556, 'recall': 0.625, 'f1': 0.5882352941176471, 'count': 8}","{'precision': 1.0, 'recall': 1.0, 'f1': 1.0, 'count': 8}","{'precision': 0.6, 'recall': 0.375, 'f1': 0.4615384615384615, 'count': 8}","{'precision': 0.5454545454545454, 'recall': 0.75, 'f1': 0.631578947368421, 'count': 8}","{'precision': 0.6, 'recall': 0.375, 'f1': 0.4615384615384615, 'count': 8}","{'precision': 0.42857142857142855, 'recall': 0.75, 'f1': 0.5454545454545454, 'count': 8}","{'precision': 0.6666666666666666, 'recall': 0.75, 'f1': 0.7058823529411765, 'count': 8}","{'precision': 0.42105263157894735, 'recall': 1.0, 'f1': 0.5925925925925926, 'count': 8}","{'precision': 0.7272727272727273, 'recall': 1.0, 'f1': 0.8421052631578948, 'count': 8}","{'precision': 0.2, 'recall': 0.25, 'f1': 0.22222222222222224, 'count': 8}","{'precision': 0.3076923076923077, 'recall': 0.5, 'f1': 0.380952380952381, 'count': 8}","{'precision': 0.5714285714285714, 'recall': 0.5, 'f1': 0.5333333333333333, 'count': 8}","{'precision': 0.3333333333333333, 'recall': 0.125, 'f1': 0.18181818181818182, 'count': 8}","{'precision': 0.4, 'recall': 0.25, 'f1': 0.3076923076923077, 'count': 8}"
epoch_13,"{'precision': 1.0, 'recall': 0.125, 'f1': 0.2222222222222222, 'count': 8}","{'precision': 0.4, 'recall': 0.25, 'f1': 0.3076923076923077, 'count': 8}","{'precision': 0.5, 'recall': 0.625, 'f1': 0.5555555555555556, 'count': 8}","{'precision': 0.5, 'recall': 0.125, 'f1': 0.2, 'count': 8}","{'precision': 0.75, 'recall': 0.75, 'f1': 0.75, 'count': 8}","{'precision': 0.5714285714285714, 'recall': 0.5, 'f1': 0.5333333333333333, 'count': 8}","{'precision': 0.5384615384615384, 'recall': 0.875, 'f1': 0.6666666666666667, 'count': 8}","{'precision': 0.75, 'recall': 0.75, 'f1': 0.75, 'count': 8}","{'precision': 0.5714285714285714, 'recall': 0.5, 'f1': 0.5333333333333333, 'count': 8}","{'precision': 0.25, 'recall': 0.125, 'f1': 0.16666666666666666, 'count': 8}","{'precision': 0.7777777777777778, 'recall': 0.875, 'f1': 0.823529411764706, 'count': 8}","{'precision': 0.2857142857142857, 'recall': 0.25, 'f1': 0.26666666666666666, 'count': 8}","{'precision': 0.625, 'recall': 0.625, 'f1': 0.625, 'count': 8}","{'precision': 0.6666666666666666, 'recall': 0.75, 'f1': 0.7058823529411765, 'count': 8}","{'precision': 0.46153846153846156, 'recall': 0.75, 'f1': 0.5714285714285714, 'count': 8}","{'precision': 0.75, 'recall': 0.375, 'f1': 0.5, 'count': 8}","{'precision': 0.8, 'recall': 1.0, 'f1': 0.888888888888889, 'count': 8}","{'precision': 0.6666666666666666, 'recall': 0.5, 'f1': 0.5714285714285715, 'count': 8}","{'precision': 0.4117647058823529, 'recall': 0.875, 'f1': 0.56, 'count': 8}","{'precision': 0.3333333333333333, 'recall': 0.125, 'f1': 0.18181818181818182, 'count': 8}","{'precision': 0.5555555555555556, 'recall': 0.625, 'f1': 0.5882352941176471, 'count': 8}","{'precision': 1.0, 'recall': 0.125, 'f1': 0.2222222222222222, 'count': 8}","{'precision': 0.2857142857142857, 'recall': 0.25, 'f1': 0.26666666666666666, 'count': 8}","{'precision': 0.0, 'recall': 0.0, 'f1': 0.0, 'count': 8}","{'precision': 0.5, 'recall': 0.25, 'f1': 0.3333333333333333, 'count': 8}","{'precision': 0.6666666666666666, 'recall': 0.5, 'f1': 0.5714285714285715, 'count': 8}","{'precision': 0.5, 'recall': 0.625, 'f1': 0.5555555555555556, 'count': 8}","{'precision': 0.5833333333333334, 'recall': 0.875, 'f1': 0.7000000000000001, 'count': 8}","{'precision': 0.0, 'recall': 0.0, 'f1': 0.0, 'count': 8}","{'precision': 1.0, 'recall': 0.25, 'f1': 0.4, 'count': 8}","{'precision': 0.4, 'recall': 0.5, 'f1': 0.4444444444444445, 'count': 8}","{'precision': 0.3, 'recall': 0.375, 'f1': 0.33333333333333326, 'count': 8}","{'precision': 0.3333333333333333, 'recall': 0.5, 'f1': 0.4, 'count': 8}","{'precision': 0.8, 'recall': 0.5, 'f1': 0.6153846153846154, 'count': 8}","{'precision': 0.3333333333333333, 'recall': 0.125, 'f1': 0.18181818181818182, 'count': 8}","{'precision': 0.6153846153846154, 'recall': 1.0, 'f1': 0.761904761904762, 'count': 8}","{'precision': 0.5555555555555556, 'recall': 0.625, 'f1': 0.5882352941176471, 'count': 8}","{'precision': 1.0, 'recall': 1.0, 'f1': 1.0, 'count': 8}","{'precision': 0.5, 'recall': 0.25, 'f1': 0.3333333333333333, 'count': 8}","{'precision': 0.8, 'recall': 1.0, 'f1': 0.888888888888889, 'count': 8}","{'precision': 0.46153846153846156, 'recall': 0.75, 'f1': 0.5714285714285714, 'count': 8}","{'precision': 0.46153846153846156, 'recall': 0.75, 'f1': 0.5714285714285714, 'count': 8}","{'precision': 0.5, 'recall': 0.875, 'f1': 0.6363636363636364, 'count': 8}","{'precision': 0.5333333333333333, 'recall': 1.0, 'f1': 0.6956521739130436, 'count': 8}","{'precision': 0.8571428571428571, 'recall': 0.75, 'f1': 0.7999999999999999, 'count': 8}","{'precision': 0.3, 'recall': 0.375, 'f1': 0.33333333333333326, 'count': 8}","{'precision': 0.2631578947368421, 'recall': 0.625, 'f1': 0.37037037037037035, 'count': 8}","{'precision': 1.0, 'recall': 0.375, 'f1': 0.5454545454545454, 'count': 8}","{'precision': 0.0, 'recall': 0.0, 'f1': 0.0, 'count': 8}","{'precision': 0.5, 'recall': 0.375, 'f1': 0.42857142857142855, 'count': 8}"
epoch_14,"{'precision': 0.3333333333333333, 'recall': 0.375, 'f1': 0.35294117647058826, 'count': 8}","{'precision': 0.5, 'recall': 0.125, 'f1': 0.2, 'count': 8}","{'precision': 0.8333333333333334, 'recall': 0.625, 'f1': 0.7142857142857143, 'count': 8}","{'precision': 0.5, 'recall': 0.375, 'f1': 0.42857142857142855, 'count': 8}","{'precision': 1.0, 'recall': 0.875, 'f1': 0.9333333333333333, 'count': 8}","{'precision': 0.5714285714285714, 'recall': 0.5, 'f1': 0.5333333333333333, 'count': 8}","{'precision': 0.5833333333333334, 'recall': 0.875, 'f1': 0.7000000000000001, 'count': 8}","{'precision': 0.6, 'recall': 0.75, 'f1': 0.6666666666666665, 'count': 8}","{'precision': 0.5, 'recall': 0.5, 'f1': 0.5, 'count': 8}","{'precision': 0.3333333333333333, 'recall': 0.125, 'f1': 0.18181818181818182, 'count': 8}","{'precision': 0.7, 'recall': 0.875, 'f1': 0.7777777777777777, 'count': 8}","{'precision': 0.5, 'recall': 0.25, 'f1': 0.3333333333333333, 'count': 8}","{'precision': 0.6666666666666666, 'recall': 0.5, 'f1': 0.5714285714285715, 'count': 8}","{'precision': 0.5, 'recall': 0.875, 'f1': 0.6363636363636364, 'count': 8}","{'precision': 0.4, 'recall': 0.5, 'f1': 0.4444444444444445, 'count': 8}","{'precision': 0.42857142857142855, 'recall': 0.375, 'f1': 0.39999999999999997, 'count': 8}","{'precision': 0.8, 'recall': 1.0, 'f1': 0.888888888888889, 'count': 8}","{'precision': 0.8571428571428571, 'recall': 0.75, 'f1': 0.7999999999999999, 'count': 8}","{'precision': 0.45454545454545453, 'recall': 0.625, 'f1': 0.5263157894736842, 'count': 8}","{'precision': 0.5, 'recall': 0.125, 'f1': 0.2, 'count': 8}","{'precision': 0.5833333333333334, 'recall': 0.875, 'f1': 0.7000000000000001, 'count': 8}","{'precision': 0.5, 'recall': 0.125, 'f1': 0.2, 'count': 8}","{'precision': 0.3333333333333333, 'recall': 0.375, 'f1': 0.35294117647058826, 'count': 8}","{'precision': 0.0, 'recall': 0.0, 'f1': 0.0, 'count': 8}","{'precision': 0.375, 'recall': 0.375, 'f1': 0.375, 'count': 8}","{'precision': 0.8, 'recall': 0.5, 'f1': 0.6153846153846154, 'count': 8}","{'precision': 0.45454545454545453, 'recall': 0.625, 'f1': 0.5263157894736842, 'count': 8}","{'precision': 0.6363636363636364, 'recall': 0.875, 'f1': 0.7368421052631579, 'count': 8}","{'precision': 0.0, 'recall': 0.0, 'f1': 0.0, 'count': 8}","{'precision': 0.8, 'recall': 0.5, 'f1': 0.6153846153846154, 'count': 8}","{'precision': 0.3333333333333333, 'recall': 0.625, 'f1': 0.43478260869565216, 'count': 8}","{'precision': 0.3, 'recall': 0.75, 'f1': 0.4285714285714285, 'count': 8}","{'precision': 0.36363636363636365, 'recall': 0.5, 'f1': 0.4210526315789474, 'count': 8}","{'precision': 0.38461538461538464, 'recall': 0.625, 'f1': 0.4761904761904762, 'count': 8}","{'precision': 1.0, 'recall': 0.125, 'f1': 0.2222222222222222, 'count': 8}","{'precision': 0.7272727272727273, 'recall': 1.0, 'f1': 0.8421052631578948, 'count': 8}","{'precision': 0.5, 'recall': 0.625, 'f1': 0.5555555555555556, 'count': 8}","{'precision': 1.0, 'recall': 1.0, 'f1': 1.0, 'count': 8}","{'precision': 0.6666666666666666, 'recall': 0.25, 'f1': 0.36363636363636365, 'count': 8}","{'precision': 0.75, 'recall': 0.75, 'f1': 0.75, 'count': 8}","{'precision': 0.8, 'recall': 0.5, 'f1': 0.6153846153846154, 'count': 8}","{'precision': 0.5, 'recall': 0.75, 'f1': 0.6, 'count': 8}","{'precision': 0.8333333333333334, 'recall': 0.625, 'f1': 0.7142857142857143, 'count': 8}","{'precision': 0.5, 'recall': 0.75, 'f1': 0.6, 'count': 8}","{'precision': 1.0, 'recall': 0.75, 'f1': 0.8571428571428571, 'count': 8}","{'precision': 0.375, 'recall': 0.375, 'f1': 0.375, 'count': 8}","{'precision': 0.2, 'recall': 0.375, 'f1': 0.26086956521739135, 'count': 8}","{'precision': 0.6, 'recall': 0.375, 'f1': 0.4615384615384615, 'count': 8}","{'precision': 0.0, 'recall': 0.0, 'f1': 0.0, 'count': 8}","{'precision': 0.375, 'recall': 0.375, 'f1': 0.375, 'count': 8}"
epoch_15,"{'precision': 1.0, 'recall': 0.125, 'f1': 0.2222222222222222, 'count': 8}","{'precision': 0.375, 'recall': 0.375, 'f1': 0.375, 'count': 8}","{'precision': 0.5833333333333334, 'recall': 0.875, 'f1': 0.7000000000000001, 'count': 8}","{'precision': 0.5, 'recall': 0.25, 'f1': 0.3333333333333333, 'count': 8}","{'precision': 0.8571428571428571, 'recall': 0.75, 'f1': 0.7999999999999999, 'count': 8}","{'precision': 0.6666666666666666, 'recall': 0.5, 'f1': 0.5714285714285715, 'count': 8}","{'precision': 0.7142857142857143, 'recall': 0.625, 'f1': 0.6666666666666666, 'count': 8}","{'precision': 0.5, 'recall': 1.0, 'f1': 0.6666666666666666, 'count': 8}","{'precision': 0.6666666666666666, 'recall': 1.0, 'f1': 0.8, 'count': 8}","{'precision': 0.2, 'recall': 0.125, 'f1': 0.15384615384615385, 'count': 8}","{'precision': 0.7, 'recall': 0.875, 'f1': 0.7777777777777777, 'count': 8}","{'precision': 0.5, 'recall': 0.125, 'f1': 0.2, 'count': 8}","{'precision': 0.625, 'recall': 0.625, 'f1': 0.625, 'count': 8}","{'precision': 0.6, 'recall': 0.375, 'f1': 0.4615384615384615, 'count': 8}","{'precision': 0.5714285714285714, 'recall': 0.5, 'f1': 0.5333333333333333, 'count': 8}","{'precision': 0.3333333333333333, 'recall': 0.375, 'f1': 0.35294117647058826, 'count': 8}","{'precision': 0.6363636363636364, 'recall': 0.875, 'f1': 0.7368421052631579, 'count': 8}","{'precision': 0.8571428571428571, 'recall': 0.75, 'f1': 0.7999999999999999, 'count': 8}","{'precision': 0.46153846153846156, 'recall': 0.75, 'f1': 0.5714285714285714, 'count': 8}","{'precision': 1.0, 'recall': 0.0, 'f1': 0.0, 'count': 8}","{'precision': 0.6, 'recall': 0.75, 'f1': 0.6666666666666665, 'count': 8}","{'precision': 0.3333333333333333, 'recall': 0.125, 'f1': 0.18181818181818182, 'count': 8}","{'precision': 0.36363636363636365, 'recall': 0.5, 'f1': 0.4210526315789474, 'count': 8}","{'precision': 0.0, 'recall': 0.0, 'f1': 0.0, 'count': 8}","{'precision': 0.3076923076923077, 'recall': 0.5, 'f1': 0.380952380952381, 'count': 8}","{'precision': 0.75, 'recall': 0.375, 'f1': 0.5, 'count': 8}","{'precision': 0.45454545454545453, 'recall': 0.625, 'f1': 0.5263157894736842, 'count': 8}","{'precision': 1.0, 'recall': 0.75, 'f1': 0.8571428571428571, 'count': 8}","{'precision': 1.0, 'recall': 0.0, 'f1': 0.0, 'count': 8}","{'precision': 0.5, 'recall': 0.25, 'f1': 0.3333333333333333, 'count': 8}","{'precision': 0.5, 'recall': 0.625, 'f1': 0.5555555555555556, 'count': 8}","{'precision': 0.2, 'recall': 0.125, 'f1': 0.15384615384615385, 'count': 8}","{'precision': 0.5, 'recall': 0.25, 'f1': 0.3333333333333333, 'count': 8}","{'precision': 0.5714285714285714, 'recall': 0.5, 'f1': 0.5333333333333333, 'count': 8}","{'precision': 0.5, 'recall': 0.125, 'f1': 0.2, 'count': 8}","{'precision': 0.7, 'recall': 0.875, 'f1': 0.7777777777777777, 'count': 8}","{'precision': 0.5, 'recall': 0.75, 'f1': 0.6, 'count': 8}","{'precision': 1.0, 'recall': 1.0, 'f1': 1.0, 'count': 8}","{'precision': 0.5555555555555556, 'recall': 0.625, 'f1': 0.5882352941176471, 'count': 8}","{'precision': 0.75, 'recall': 0.75, 'f1': 0.75, 'count': 8}","{'precision': 0.4444444444444444, 'recall': 0.5, 'f1': 0.47058823529411764, 'count': 8}","{'precision': 0.4, 'recall': 0.75, 'f1': 0.5217391304347827, 'count': 8}","{'precision': 0.6, 'recall': 0.75, 'f1': 0.6666666666666665, 'count': 8}","{'precision': 0.5454545454545454, 'recall': 0.75, 'f1': 0.631578947368421, 'count': 8}","{'precision': 0.7, 'recall': 0.875, 'f1': 0.7777777777777777, 'count': 8}","{'precision': 0.2727272727272727, 'recall': 0.75, 'f1': 0.39999999999999997, 'count': 8}","{'precision': 0.2857142857142857, 'recall': 0.25, 'f1': 0.26666666666666666, 'count': 8}","{'precision': 0.3333333333333333, 'recall': 0.25, 'f1': 0.28571428571428575, 'count': 8}","{'precision': 0.0, 'recall': 0.0, 'f1': 0.0, 'count': 8}","{'precision': 0.35294117647058826, 'recall': 0.75, 'f1': 0.48, 'count': 8}"
epoch_16,"{'precision': 0.25, 'recall': 0.125, 'f1': 0.16666666666666666, 'count': 8}","{'precision': 0.4, 'recall': 0.25, 'f1': 0.3076923076923077, 'count': 8}","{'precision': 0.7142857142857143, 'recall': 0.625, 'f1': 0.6666666666666666, 'count': 8}","{'precision': 0.5, 'recall': 0.125, 'f1': 0.2, 'count': 8}","{'precision': 1.0, 'recall': 0.75, 'f1': 0.8571428571428571, 'count': 8}","{'precision': 1.0, 'recall': 0.5, 'f1': 0.6666666666666666, 'count': 8}","{'precision': 0.75, 'recall': 0.375, 'f1': 0.5, 'count': 8}","{'precision': 0.7, 'recall': 0.875, 'f1': 0.7777777777777777, 'count': 8}","{'precision': 0.5714285714285714, 'recall': 0.5, 'f1': 0.5333333333333333, 'count': 8}","{'precision': 0.25, 'recall': 0.125, 'f1': 0.16666666666666666, 'count': 8}","{'precision': 0.7777777777777778, 'recall': 0.875, 'f1': 0.823529411764706, 'count': 8}","{'precision': 0.5714285714285714, 'recall': 0.5, 'f1': 0.5333333333333333, 'count': 8}","{'precision': 0.625, 'recall': 0.625, 'f1': 0.625, 'count': 8}","{'precision': 0.5, 'recall': 0.625, 'f1': 0.5555555555555556, 'count': 8}","{'precision': 0.4444444444444444, 'recall': 0.5, 'f1': 0.47058823529411764, 'count': 8}","{'precision': 0.6, 'recall': 0.375, 'f1': 0.4615384615384615, 'count': 8}","{'precision': 0.7, 'recall': 0.875, 'f1': 0.7777777777777777, 'count': 8}","{'precision': 0.6666666666666666, 'recall': 0.5, 'f1': 0.5714285714285715, 'count': 8}","{'precision': 0.5, 'recall': 0.625, 'f1': 0.5555555555555556, 'count': 8}","{'precision': 1.0, 'recall': 0.0, 'f1': 0.0, 'count': 8}","{'precision': 0.6, 'recall': 0.75, 'f1': 0.6666666666666665, 'count': 8}","{'precision': 0.5, 'recall': 0.125, 'f1': 0.2, 'count': 8}","{'precision': 0.23529411764705882, 'recall': 0.5, 'f1': 0.31999999999999995, 'count': 8}","{'precision': 0.0, 'recall': 0.0, 'f1': 0.0, 'count': 8}","{'precision': 0.2857142857142857, 'recall': 0.25, 'f1': 0.26666666666666666, 'count': 8}","{'precision': 0.5, 'recall': 0.5, 'f1': 0.5, 'count': 8}","{'precision': 0.35714285714285715, 'recall': 0.625, 'f1': 0.45454545454545453, 'count': 8}","{'precision': 0.6666666666666666, 'recall': 0.75, 'f1': 0.7058823529411765, 'count': 8}","{'precision': 1.0, 'recall': 0.0, 'f1': 0.0, 'count': 8}","{'precision': 0.6666666666666666, 'recall': 0.25, 'f1': 0.36363636363636365, 'count': 8}","{'precision': 0.26666666666666666, 'recall': 0.5, 'f1': 0.3478260869565218, 'count': 8}","{'precision': 0.21428571428571427, 'recall': 0.375, 'f1': 0.2727272727272727, 'count': 8}","{'precision': 0.3076923076923077, 'recall': 0.5, 'f1': 0.380952380952381, 'count': 8}","{'precision': 0.5, 'recall': 0.5, 'f1': 0.5, 'count': 8}","{'precision': 0.3333333333333333, 'recall': 0.125, 'f1': 0.18181818181818182, 'count': 8}","{'precision': 0.7272727272727273, 'recall': 1.0, 'f1': 0.8421052631578948, 'count': 8}","{'precision': 0.75, 'recall': 0.75, 'f1': 0.75, 'count': 8}","{'precision': 1.0, 'recall': 1.0, 'f1': 1.0, 'count': 8}","{'precision': 0.35294117647058826, 'recall': 0.75, 'f1': 0.48, 'count': 8}","{'precision': 1.0, 'recall': 0.375, 'f1': 0.5454545454545454, 'count': 8}","{'precision': 0.5, 'recall': 0.625, 'f1': 0.5555555555555556, 'count': 8}","{'precision': 0.5, 'recall': 0.75, 'f1': 0.6, 'count': 8}","{'precision': 1.0, 'recall': 0.5, 'f1': 0.6666666666666666, 'count': 8}","{'precision': 0.5833333333333334, 'recall': 0.875, 'f1': 0.7000000000000001, 'count': 8}","{'precision': 0.5555555555555556, 'recall': 0.625, 'f1': 0.5882352941176471, 'count': 8}","{'precision': 0.36363636363636365, 'recall': 0.5, 'f1': 0.4210526315789474, 'count': 8}","{'precision': 0.36363636363636365, 'recall': 0.5, 'f1': 0.4210526315789474, 'count': 8}","{'precision': 0.6, 'recall': 0.375, 'f1': 0.4615384615384615, 'count': 8}","{'precision': 0.3333333333333333, 'recall': 0.125, 'f1': 0.18181818181818182, 'count': 8}","{'precision': 0.2857142857142857, 'recall': 0.75, 'f1': 0.4137931034482759, 'count': 8}"
epoch_17,"{'precision': 1.0, 'recall': 0.125, 'f1': 0.2222222222222222, 'count': 8}","{'precision': 0.25, 'recall': 0.25, 'f1': 0.25, 'count': 8}","{'precision': 0.625, 'recall': 0.625, 'f1': 0.625, 'count': 8}","{'precision': 0.5, 'recall': 0.25, 'f1': 0.3333333333333333, 'count': 8}","{'precision': 1.0, 'recall': 0.75, 'f1': 0.8571428571428571, 'count': 8}","{'precision': 0.6666666666666666, 'recall': 0.5, 'f1': 0.5714285714285715, 'count': 8}","{'precision': 0.6666666666666666, 'recall': 0.5, 'f1': 0.5714285714285715, 'count': 8}","{'precision': 0.6, 'recall': 0.75, 'f1': 0.6666666666666665, 'count': 8}","{'precision': 0.5714285714285714, 'recall': 0.5, 'f1': 0.5333333333333333, 'count': 8}","{'precision': 0.25, 'recall': 0.125, 'f1': 0.16666666666666666, 'count': 8}","{'precision': 0.7, 'recall': 0.875, 'f1': 0.7777777777777777, 'count': 8}","{'precision': 0.5, 'recall': 0.375, 'f1': 0.42857142857142855, 'count': 8}","{'precision': 0.6666666666666666, 'recall': 0.75, 'f1': 0.7058823529411765, 'count': 8}","{'precision': 0.45454545454545453, 'recall': 0.625, 'f1': 0.5263157894736842, 'count': 8}","{'precision': 0.4444444444444444, 'recall': 0.5, 'f1': 0.47058823529411764, 'count': 8}","{'precision': 0.6, 'recall': 0.375, 'f1': 0.4615384615384615, 'count': 8}","{'precision': 0.7777777777777778, 'recall': 0.875, 'f1': 0.823529411764706, 'count': 8}","{'precision': 0.8571428571428571, 'recall': 0.75, 'f1': 0.7999999999999999, 'count': 8}","{'precision': 0.5384615384615384, 'recall': 0.875, 'f1': 0.6666666666666667, 'count': 8}","{'precision': 0.5, 'recall': 0.125, 'f1': 0.2, 'count': 8}","{'precision': 0.6, 'recall': 0.75, 'f1': 0.6666666666666665, 'count': 8}","{'precision': 0.5, 'recall': 0.125, 'f1': 0.2, 'count': 8}","{'precision': 0.23529411764705882, 'recall': 0.5, 'f1': 0.31999999999999995, 'count': 8}","{'precision': 0.0, 'recall': 0.0, 'f1': 0.0, 'count': 8}","{'precision': 0.375, 'recall': 0.375, 'f1': 0.375, 'count': 8}","{'precision': 0.6666666666666666, 'recall': 0.5, 'f1': 0.5714285714285715, 'count': 8}","{'precision': 0.45454545454545453, 'recall': 0.625, 'f1': 0.5263157894736842, 'count': 8}","{'precision': 0.75, 'recall': 0.75, 'f1': 0.75, 'count': 8}","{'precision': 0.0, 'recall': 0.0, 'f1': 0.0, 'count': 8}","{'precision': 0.6666666666666666, 'recall': 0.25, 'f1': 0.36363636363636365, 'count': 8}","{'precision': 0.4444444444444444, 'recall': 0.5, 'f1': 0.47058823529411764, 'count': 8}","{'precision': 0.2, 'recall': 0.25, 'f1': 0.22222222222222224, 'count': 8}","{'precision': 0.42857142857142855, 'recall': 0.375, 'f1': 0.39999999999999997, 'count': 8}","{'precision': 0.4444444444444444, 'recall': 0.5, 'f1': 0.47058823529411764, 'count': 8}","{'precision': 0.3333333333333333, 'recall': 0.125, 'f1': 0.18181818181818182, 'count': 8}","{'precision': 0.6153846153846154, 'recall': 1.0, 'f1': 0.761904761904762, 'count': 8}","{'precision': 0.3888888888888889, 'recall': 0.875, 'f1': 0.5384615384615385, 'count': 8}","{'precision': 1.0, 'recall': 1.0, 'f1': 1.0, 'count': 8}","{'precision': 0.45454545454545453, 'recall': 0.625, 'f1': 0.5263157894736842, 'count': 8}","{'precision': 0.8571428571428571, 'recall': 0.75, 'f1': 0.7999999999999999, 'count': 8}","{'precision': 0.625, 'recall': 0.625, 'f1': 0.625, 'count': 8}","{'precision': 0.46153846153846156, 'recall': 0.75, 'f1': 0.5714285714285714, 'count': 8}","{'precision': 0.6666666666666666, 'recall': 0.75, 'f1': 0.7058823529411765, 'count': 8}","{'precision': 0.6363636363636364, 'recall': 0.875, 'f1': 0.7368421052631579, 'count': 8}","{'precision': 0.75, 'recall': 0.75, 'f1': 0.75, 'count': 8}","{'precision': 0.2222222222222222, 'recall': 0.25, 'f1': 0.23529411764705882, 'count': 8}","{'precision': 0.42857142857142855, 'recall': 0.375, 'f1': 0.39999999999999997, 'count': 8}","{'precision': 1.0, 'recall': 0.25, 'f1': 0.4, 'count': 8}","{'precision': 0.0, 'recall': 0.0, 'f1': 0.0, 'count': 8}","{'precision': 0.25, 'recall': 0.75, 'f1': 0.375, 'count': 8}"
epoch_18,"{'precision': 1.0, 'recall': 0.0, 'f1': 0.0, 'count': 8}","{'precision': 0.25, 'recall': 0.25, 'f1': 0.25, 'count': 8}","{'precision': 0.8571428571428571, 'recall': 0.75, 'f1': 0.7999999999999999, 'count': 8}","{'precision': 0.4, 'recall': 0.25, 'f1': 0.3076923076923077, 'count': 8}","{'precision': 1.0, 'recall': 0.75, 'f1': 0.8571428571428571, 'count': 8}","{'precision': 0.6666666666666666, 'recall': 0.5, 'f1': 0.5714285714285715, 'count': 8}","{'precision': 0.6666666666666666, 'recall': 0.5, 'f1': 0.5714285714285715, 'count': 8}","{'precision': 0.7, 'recall': 0.875, 'f1': 0.7777777777777777, 'count': 8}","{'precision': 0.5, 'recall': 0.5, 'f1': 0.5, 'count': 8}","{'precision': 0.4444444444444444, 'recall': 0.5, 'f1': 0.47058823529411764, 'count': 8}","{'precision': 0.7777777777777778, 'recall': 0.875, 'f1': 0.823529411764706, 'count': 8}","{'precision': 0.4166666666666667, 'recall': 0.625, 'f1': 0.5, 'count': 8}","{'precision': 0.625, 'recall': 0.625, 'f1': 0.625, 'count': 8}","{'precision': 0.4444444444444444, 'recall': 0.5, 'f1': 0.47058823529411764, 'count': 8}","{'precision': 0.36363636363636365, 'recall': 0.5, 'f1': 0.4210526315789474, 'count': 8}","{'precision': 0.6, 'recall': 0.375, 'f1': 0.4615384615384615, 'count': 8}","{'precision': 0.7, 'recall': 0.875, 'f1': 0.7777777777777777, 'count': 8}","{'precision': 0.8333333333333334, 'recall': 0.625, 'f1': 0.7142857142857143, 'count': 8}","{'precision': 0.5555555555555556, 'recall': 0.625, 'f1': 0.5882352941176471, 'count': 8}","{'precision': 1.0, 'recall': 0.0, 'f1': 0.0, 'count': 8}","{'precision': 0.5555555555555556, 'recall': 0.625, 'f1': 0.5882352941176471, 'count': 8}","{'precision': 0.5, 'recall': 0.125, 'f1': 0.2, 'count': 8}","{'precision': 0.3125, 'recall': 0.625, 'f1': 0.4166666666666667, 'count': 8}","{'precision': 0.0, 'recall': 0.0, 'f1': 0.0, 'count': 8}","{'precision': 0.3076923076923077, 'recall': 0.5, 'f1': 0.380952380952381, 'count': 8}","{'precision': 0.5, 'recall': 0.5, 'f1': 0.5, 'count': 8}","{'precision': 0.5, 'recall': 0.625, 'f1': 0.5555555555555556, 'count': 8}","{'precision': 0.6363636363636364, 'recall': 0.875, 'f1': 0.7368421052631579, 'count': 8}","{'precision': 1.0, 'recall': 0.0, 'f1': 0.0, 'count': 8}","{'precision': 0.6666666666666666, 'recall': 0.25, 'f1': 0.36363636363636365, 'count': 8}","{'precision': 0.4166666666666667, 'recall': 0.625, 'f1': 0.5, 'count': 8}","{'precision': 0.25, 'recall': 0.5, 'f1': 0.3333333333333333, 'count': 8}","{'precision': 0.3076923076923077, 'recall': 0.5, 'f1': 0.380952380952381, 'count': 8}","{'precision': 0.5714285714285714, 'recall': 0.5, 'f1': 0.5333333333333333, 'count': 8}","{'precision': 0.16666666666666666, 'recall': 0.125, 'f1': 0.14285714285714288, 'count': 8}","{'precision': 0.7272727272727273, 'recall': 1.0, 'f1': 0.8421052631578948, 'count': 8}","{'precision': 0.75, 'recall': 0.75, 'f1': 0.75, 'count': 8}","{'precision': 1.0, 'recall': 1.0, 'f1': 1.0, 'count': 8}","{'precision': 0.6666666666666666, 'recall': 0.5, 'f1': 0.5714285714285715, 'count': 8}","{'precision': 1.0, 'recall': 0.75, 'f1': 0.8571428571428571, 'count': 8}","{'precision': 0.8, 'recall': 0.5, 'f1': 0.6153846153846154, 'count': 8}","{'precision': 0.5, 'recall': 0.625, 'f1': 0.5555555555555556, 'count': 8}","{'precision': 0.8, 'recall': 0.5, 'f1': 0.6153846153846154, 'count': 8}","{'precision': 0.5333333333333333, 'recall': 1.0, 'f1': 0.6956521739130436, 'count': 8}","{'precision': 0.6666666666666666, 'recall': 0.75, 'f1': 0.7058823529411765, 'count': 8}","{'precision': 0.26666666666666666, 'recall': 0.5, 'f1': 0.3478260869565218, 'count': 8}","{'precision': 0.36363636363636365, 'recall': 0.5, 'f1': 0.4210526315789474, 'count': 8}","{'precision': 0.6666666666666666, 'recall': 0.5, 'f1': 0.5714285714285715, 'count': 8}","{'precision': 0.0, 'recall': 0.0, 'f1': 0.0, 'count': 8}","{'precision': 0.45454545454545453, 'recall': 0.625, 'f1': 0.5263157894736842, 'count': 8}"
epoch_19,"{'precision': 0.5, 'recall': 0.125, 'f1': 0.2, 'count': 8}","{'precision': 0.42857142857142855, 'recall': 0.375, 'f1': 0.39999999999999997, 'count': 8}","{'precision': 0.6666666666666666, 'recall': 0.75, 'f1': 0.7058823529411765, 'count': 8}","{'precision': 0.6666666666666666, 'recall': 0.25, 'f1': 0.36363636363636365, 'count': 8}","{'precision': 1.0, 'recall': 0.875, 'f1': 0.9333333333333333, 'count': 8}","{'precision': 0.8, 'recall': 0.5, 'f1': 0.6153846153846154, 'count': 8}","{'precision': 0.5555555555555556, 'recall': 0.625, 'f1': 0.5882352941176471, 'count': 8}","{'precision': 0.6, 'recall': 0.75, 'f1': 0.6666666666666665, 'count': 8}","{'precision': 0.625, 'recall': 0.625, 'f1': 0.625, 'count': 8}","{'precision': 0.125, 'recall': 0.125, 'f1': 0.125, 'count': 8}","{'precision': 0.7777777777777778, 'recall': 0.875, 'f1': 0.823529411764706, 'count': 8}","{'precision': 0.375, 'recall': 0.375, 'f1': 0.375, 'count': 8}","{'precision': 0.5714285714285714, 'recall': 0.5, 'f1': 0.5333333333333333, 'count': 8}","{'precision': 0.5, 'recall': 0.625, 'f1': 0.5555555555555556, 'count': 8}","{'precision': 0.6, 'recall': 0.375, 'f1': 0.4615384615384615, 'count': 8}","{'precision': 0.2857142857142857, 'recall': 0.5, 'f1': 0.36363636363636365, 'count': 8}","{'precision': 0.6666666666666666, 'recall': 1.0, 'f1': 0.8, 'count': 8}","{'precision': 0.8333333333333334, 'recall': 0.625, 'f1': 0.7142857142857143, 'count': 8}","{'precision': 0.5, 'recall': 0.75, 'f1': 0.6, 'count': 8}","{'precision': 1.0, 'recall': 0.0, 'f1': 0.0, 'count': 8}","{'precision': 0.6, 'recall': 0.75, 'f1': 0.6666666666666665, 'count': 8}","{'precision': 0.5, 'recall': 0.125, 'f1': 0.2, 'count': 8}","{'precision': 0.375, 'recall': 0.375, 'f1': 0.375, 'count': 8}","{'precision': 0.0, 'recall': 0.0, 'f1': 0.0, 'count': 8}","{'precision': 0.3333333333333333, 'recall': 0.375, 'f1': 0.35294117647058826, 'count': 8}","{'precision': 0.6, 'recall': 0.375, 'f1': 0.4615384615384615, 'count': 8}","{'precision': 0.45454545454545453, 'recall': 0.625, 'f1': 0.5263157894736842, 'count': 8}","{'precision': 0.6153846153846154, 'recall': 1.0, 'f1': 0.761904761904762, 'count': 8}","{'precision': 0.0, 'recall': 0.0, 'f1': 0.0, 'count': 8}","{'precision': 0.7142857142857143, 'recall': 0.625, 'f1': 0.6666666666666666, 'count': 8}","{'precision': 0.5, 'recall': 0.5, 'f1': 0.5, 'count': 8}","{'precision': 0.375, 'recall': 0.375, 'f1': 0.375, 'count': 8}","{'precision': 0.5, 'recall': 0.5, 'f1': 0.5, 'count': 8}","{'precision': 0.4, 'recall': 0.5, 'f1': 0.4444444444444445, 'count': 8}","{'precision': 0.5, 'recall': 0.25, 'f1': 0.3333333333333333, 'count': 8}","{'precision': 0.7777777777777778, 'recall': 0.875, 'f1': 0.823529411764706, 'count': 8}","{'precision': 0.6666666666666666, 'recall': 0.75, 'f1': 0.7058823529411765, 'count': 8}","{'precision': 1.0, 'recall': 1.0, 'f1': 1.0, 'count': 8}","{'precision': 0.375, 'recall': 0.375, 'f1': 0.375, 'count': 8}","{'precision': 0.8571428571428571, 'recall': 0.75, 'f1': 0.7999999999999999, 'count': 8}","{'precision': 0.5714285714285714, 'recall': 0.5, 'f1': 0.5333333333333333, 'count': 8}","{'precision': 0.42857142857142855, 'recall': 0.75, 'f1': 0.5454545454545454, 'count': 8}","{'precision': 0.75, 'recall': 0.75, 'f1': 0.75, 'count': 8}","{'precision': 0.5384615384615384, 'recall': 0.875, 'f1': 0.6666666666666667, 'count': 8}","{'precision': 0.6666666666666666, 'recall': 1.0, 'f1': 0.8, 'count': 8}","{'precision': 0.375, 'recall': 0.375, 'f1': 0.375, 'count': 8}","{'precision': 0.25, 'recall': 0.5, 'f1': 0.3333333333333333, 'count': 8}","{'precision': 0.8, 'recall': 0.5, 'f1': 0.6153846153846154, 'count': 8}","{'precision': 0.0, 'recall': 0.0, 'f1': 0.0, 'count': 8}","{'precision': 0.5, 'recall': 0.75, 'f1': 0.6, 'count': 8}"
epoch_20,"{'precision': 1.0, 'recall': 0.125, 'f1': 0.2222222222222222, 'count': 8}","{'precision': 0.5, 'recall': 0.375, 'f1': 0.42857142857142855, 'count': 8}","{'precision': 0.7142857142857143, 'recall': 0.625, 'f1': 0.6666666666666666, 'count': 8}","{'precision': 0.5, 'recall': 0.25, 'f1': 0.3333333333333333, 'count': 8}","{'precision': 1.0, 'recall': 0.75, 'f1': 0.8571428571428571, 'count': 8}","{'precision': 0.8, 'recall': 0.5, 'f1': 0.6153846153846154, 'count': 8}","{'precision': 0.8333333333333334, 'recall': 0.625, 'f1': 0.7142857142857143, 'count': 8}","{'precision': 0.6, 'recall': 0.75, 'f1': 0.6666666666666665, 'count': 8}","{'precision': 0.5555555555555556, 'recall': 0.625, 'f1': 0.5882352941176471, 'count': 8}","{'precision': 0.2, 'recall': 0.125, 'f1': 0.15384615384615385, 'count': 8}","{'precision': 0.7777777777777778, 'recall': 0.875, 'f1': 0.823529411764706, 'count': 8}","{'precision': 0.375, 'recall': 0.375, 'f1': 0.375, 'count': 8}","{'precision': 0.6, 'recall': 0.75, 'f1': 0.6666666666666665, 'count': 8}","{'precision': 0.625, 'recall': 0.625, 'f1': 0.625, 'count': 8}","{'precision': 0.6, 'recall': 0.375, 'f1': 0.4615384615384615, 'count': 8}","{'precision': 0.3, 'recall': 0.375, 'f1': 0.33333333333333326, 'count': 8}","{'precision': 0.7272727272727273, 'recall': 1.0, 'f1': 0.8421052631578948, 'count': 8}","{'precision': 0.8333333333333334, 'recall': 0.625, 'f1': 0.7142857142857143, 'count': 8}","{'precision': 0.5, 'recall': 0.75, 'f1': 0.6, 'count': 8}","{'precision': 1.0, 'recall': 0.0, 'f1': 0.0, 'count': 8}","{'precision': 0.6, 'recall': 0.75, 'f1': 0.6666666666666665, 'count': 8}","{'precision': 0.5, 'recall': 0.125, 'f1': 0.2, 'count': 8}","{'precision': 0.38461538461538464, 'recall': 0.625, 'f1': 0.4761904761904762, 'count': 8}","{'precision': 0.0, 'recall': 0.0, 'f1': 0.0, 'count': 8}","{'precision': 0.375, 'recall': 0.375, 'f1': 0.375, 'count': 8}","{'precision': 0.6, 'recall': 0.375, 'f1': 0.4615384615384615, 'count': 8}","{'precision': 0.45454545454545453, 'recall': 0.625, 'f1': 0.5263157894736842, 'count': 8}","{'precision': 0.7, 'recall': 0.875, 'f1': 0.7777777777777777, 'count': 8}","{'precision': 0.0, 'recall': 0.0, 'f1': 0.0, 'count': 8}","{'precision': 0.75, 'recall': 0.375, 'f1': 0.5, 'count': 8}","{'precision': 0.45454545454545453, 'recall': 0.625, 'f1': 0.5263157894736842, 'count': 8}","{'precision': 0.25, 'recall': 0.375, 'f1': 0.3, 'count': 8}","{'precision': 0.36363636363636365, 'recall': 0.5, 'f1': 0.4210526315789474, 'count': 8}","{'precision': 0.45454545454545453, 'recall': 0.625, 'f1': 0.5263157894736842, 'count': 8}","{'precision': 0.3333333333333333, 'recall': 0.125, 'f1': 0.18181818181818182, 'count': 8}","{'precision': 0.7777777777777778, 'recall': 0.875, 'f1': 0.823529411764706, 'count': 8}","{'precision': 0.6, 'recall': 0.75, 'f1': 0.6666666666666665, 'count': 8}","{'precision': 1.0, 'recall': 1.0, 'f1': 1.0, 'count': 8}","{'precision': 0.5555555555555556, 'recall': 0.625, 'f1': 0.5882352941176471, 'count': 8}","{'precision': 1.0, 'recall': 1.0, 'f1': 1.0, 'count': 8}","{'precision': 0.5, 'recall': 0.5, 'f1': 0.5, 'count': 8}","{'precision': 0.5, 'recall': 0.75, 'f1': 0.6, 'count': 8}","{'precision': 0.5454545454545454, 'recall': 0.75, 'f1': 0.631578947368421, 'count': 8}","{'precision': 0.5833333333333334, 'recall': 0.875, 'f1': 0.7000000000000001, 'count': 8}","{'precision': 0.6666666666666666, 'recall': 1.0, 'f1': 0.8, 'count': 8}","{'precision': 0.36363636363636365, 'recall': 0.5, 'f1': 0.4210526315789474, 'count': 8}","{'precision': 0.3333333333333333, 'recall': 0.5, 'f1': 0.4, 'count': 8}","{'precision': 0.8, 'recall': 0.5, 'f1': 0.6153846153846154, 'count': 8}","{'precision': 0.0, 'recall': 0.0, 'f1': 0.0, 'count': 8}","{'precision': 0.4, 'recall': 0.75, 'f1': 0.5217391304347827, 'count': 8}"
epoch_21,"{'precision': 1.0, 'recall': 0.125, 'f1': 0.2222222222222222, 'count': 8}","{'precision': 0.5, 'recall': 0.375, 'f1': 0.42857142857142855, 'count': 8}","{'precision': 0.75, 'recall': 0.75, 'f1': 0.75, 'count': 8}","{'precision': 0.3333333333333333, 'recall': 0.25, 'f1': 0.28571428571428575, 'count': 8}","{'precision': 1.0, 'recall': 0.75, 'f1': 0.8571428571428571, 'count': 8}","{'precision': 0.8, 'recall': 0.5, 'f1': 0.6153846153846154, 'count': 8}","{'precision': 0.7142857142857143, 'recall': 0.625, 'f1': 0.6666666666666666, 'count': 8}","{'precision': 0.6363636363636364, 'recall': 0.875, 'f1': 0.7368421052631579, 'count': 8}","{'precision': 0.5, 'recall': 0.5, 'f1': 0.5, 'count': 8}","{'precision': 0.3333333333333333, 'recall': 0.25, 'f1': 0.28571428571428575, 'count': 8}","{'precision': 0.7777777777777778, 'recall': 0.875, 'f1': 0.823529411764706, 'count': 8}","{'precision': 0.42857142857142855, 'recall': 0.375, 'f1': 0.39999999999999997, 'count': 8}","{'precision': 0.625, 'recall': 0.625, 'f1': 0.625, 'count': 8}","{'precision': 0.5555555555555556, 'recall': 0.625, 'f1': 0.5882352941176471, 'count': 8}","{'precision': 0.5, 'recall': 0.375, 'f1': 0.42857142857142855, 'count': 8}","{'precision': 0.4, 'recall': 0.5, 'f1': 0.4444444444444445, 'count': 8}","{'precision': 0.6666666666666666, 'recall': 1.0, 'f1': 0.8, 'count': 8}","{'precision': 0.7142857142857143, 'recall': 0.625, 'f1': 0.6666666666666666, 'count': 8}","{'precision': 0.5, 'recall': 0.75, 'f1': 0.6, 'count': 8}","{'precision': 1.0, 'recall': 0.0, 'f1': 0.0, 'count': 8}","{'precision': 0.6, 'recall': 0.75, 'f1': 0.6666666666666665, 'count': 8}","{'precision': 0.5, 'recall': 0.125, 'f1': 0.2, 'count': 8}","{'precision': 0.4166666666666667, 'recall': 0.625, 'f1': 0.5, 'count': 8}","{'precision': 0.0, 'recall': 0.0, 'f1': 0.0, 'count': 8}","{'precision': 0.3, 'recall': 0.375, 'f1': 0.33333333333333326, 'count': 8}","{'precision': 0.6, 'recall': 0.375, 'f1': 0.4615384615384615, 'count': 8}","{'precision': 0.5, 'recall': 0.625, 'f1': 0.5555555555555556, 'count': 8}","{'precision': 0.5714285714285714, 'recall': 1.0, 'f1': 0.7272727272727273, 'count': 8}","{'precision': 0.0, 'recall': 0.0, 'f1': 0.0, 'count': 8}","{'precision': 0.8, 'recall': 0.5, 'f1': 0.6153846153846154, 'count': 8}","{'precision': 0.4, 'recall': 0.5, 'f1': 0.4444444444444445, 'count': 8}","{'precision': 0.25, 'recall': 0.375, 'f1': 0.3, 'count': 8}","{'precision': 0.3333333333333333, 'recall': 0.5, 'f1': 0.4, 'count': 8}","{'precision': 0.5555555555555556, 'recall': 0.625, 'f1': 0.5882352941176471, 'count': 8}","{'precision': 0.3333333333333333, 'recall': 0.125, 'f1': 0.18181818181818182, 'count': 8}","{'precision': 0.6363636363636364, 'recall': 0.875, 'f1': 0.7368421052631579, 'count': 8}","{'precision': 0.8571428571428571, 'recall': 0.75, 'f1': 0.7999999999999999, 'count': 8}","{'precision': 1.0, 'recall': 1.0, 'f1': 1.0, 'count': 8}","{'precision': 0.4166666666666667, 'recall': 0.625, 'f1': 0.5, 'count': 8}","{'precision': 1.0, 'recall': 0.625, 'f1': 0.7692307692307693, 'count': 8}","{'precision': 0.5714285714285714, 'recall': 0.5, 'f1': 0.5333333333333333, 'count': 8}","{'precision': 0.46153846153846156, 'recall': 0.75, 'f1': 0.5714285714285714, 'count': 8}","{'precision': 0.6666666666666666, 'recall': 0.75, 'f1': 0.7058823529411765, 'count': 8}","{'precision': 0.5833333333333334, 'recall': 0.875, 'f1': 0.7000000000000001, 'count': 8}","{'precision': 0.7777777777777778, 'recall': 0.875, 'f1': 0.823529411764706, 'count': 8}","{'precision': 0.4166666666666667, 'recall': 0.625, 'f1': 0.5, 'count': 8}","{'precision': 0.4, 'recall': 0.5, 'f1': 0.4444444444444445, 'count': 8}","{'precision': 0.8, 'recall': 0.5, 'f1': 0.6153846153846154, 'count': 8}","{'precision': 0.0, 'recall': 0.0, 'f1': 0.0, 'count': 8}","{'precision': 0.42857142857142855, 'recall': 0.75, 'f1': 0.5454545454545454, 'count': 8}"
epoch_22,"{'precision': 1.0, 'recall': 0.125, 'f1': 0.2222222222222222, 'count': 8}","{'precision': 0.5, 'recall': 0.375, 'f1': 0.42857142857142855, 'count': 8}","{'precision': 0.75, 'recall': 0.75, 'f1': 0.75, 'count': 8}","{'precision': 0.3333333333333333, 'recall': 0.25, 'f1': 0.28571428571428575, 'count': 8}","{'precision': 1.0, 'recall': 0.75, 'f1': 0.8571428571428571, 'count': 8}","{'precision': 0.6666666666666666, 'recall': 0.5, 'f1': 0.5714285714285715, 'count': 8}","{'precision': 0.625, 'recall': 0.625, 'f1': 0.625, 'count': 8}","{'precision': 0.6363636363636364, 'recall': 0.875, 'f1': 0.7368421052631579, 'count': 8}","{'precision': 0.5, 'recall': 0.5, 'f1': 0.5, 'count': 8}","{'precision': 0.3333333333333333, 'recall': 0.25, 'f1': 0.28571428571428575, 'count': 8}","{'precision': 0.7777777777777778, 'recall': 0.875, 'f1': 0.823529411764706, 'count': 8}","{'precision': 0.42857142857142855, 'recall': 0.375, 'f1': 0.39999999999999997, 'count': 8}","{'precision': 0.5555555555555556, 'recall': 0.625, 'f1': 0.5882352941176471, 'count': 8}","{'precision': 0.7142857142857143, 'recall': 0.625, 'f1': 0.6666666666666666, 'count': 8}","{'precision': 0.5555555555555556, 'recall': 0.625, 'f1': 0.5882352941176471, 'count': 8}","{'precision': 0.5, 'recall': 0.375, 'f1': 0.42857142857142855, 'count': 8}","{'precision': 0.7272727272727273, 'recall': 1.0, 'f1': 0.8421052631578948, 'count': 8}","{'precision': 0.625, 'recall': 0.625, 'f1': 0.625, 'count': 8}","{'precision': 0.5, 'recall': 0.75, 'f1': 0.6, 'count': 8}","{'precision': 1.0, 'recall': 0.0, 'f1': 0.0, 'count': 8}","{'precision': 0.5555555555555556, 'recall': 0.625, 'f1': 0.5882352941176471, 'count': 8}","{'precision': 0.5, 'recall': 0.125, 'f1': 0.2, 'count': 8}","{'precision': 0.5, 'recall': 0.625, 'f1': 0.5555555555555556, 'count': 8}","{'precision': 0.0, 'recall': 0.0, 'f1': 0.0, 'count': 8}","{'precision': 0.3333333333333333, 'recall': 0.375, 'f1': 0.35294117647058826, 'count': 8}","{'precision': 0.6, 'recall': 0.375, 'f1': 0.4615384615384615, 'count': 8}","{'precision': 0.45454545454545453, 'recall': 0.625, 'f1': 0.5263157894736842, 'count': 8}","{'precision': 0.6666666666666666, 'recall': 1.0, 'f1': 0.8, 'count': 8}","{'precision': 0.0, 'recall': 0.0, 'f1': 0.0, 'count': 8}","{'precision': 0.75, 'recall': 0.75, 'f1': 0.75, 'count': 8}","{'precision': 0.38461538461538464, 'recall': 0.625, 'f1': 0.4761904761904762, 'count': 8}","{'precision': 0.21428571428571427, 'recall': 0.375, 'f1': 0.2727272727272727, 'count': 8}","{'precision': 0.3333333333333333, 'recall': 0.375, 'f1': 0.35294117647058826, 'count': 8}","{'precision': 0.5, 'recall': 0.625, 'f1': 0.5555555555555556, 'count': 8}","{'precision': 0.0, 'recall': 0.0, 'f1': 0.0, 'count': 8}","{'precision': 0.7, 'recall': 0.875, 'f1': 0.7777777777777777, 'count': 8}","{'precision': 0.8571428571428571, 'recall': 0.75, 'f1': 0.7999999999999999, 'count': 8}","{'precision': 1.0, 'recall': 1.0, 'f1': 1.0, 'count': 8}","{'precision': 0.45454545454545453, 'recall': 0.625, 'f1': 0.5263157894736842, 'count': 8}","{'precision': 1.0, 'recall': 0.5, 'f1': 0.6666666666666666, 'count': 8}","{'precision': 0.5714285714285714, 'recall': 0.5, 'f1': 0.5333333333333333, 'count': 8}","{'precision': 0.5, 'recall': 0.75, 'f1': 0.6, 'count': 8}","{'precision': 0.6666666666666666, 'recall': 0.75, 'f1': 0.7058823529411765, 'count': 8}","{'precision': 0.5833333333333334, 'recall': 0.875, 'f1': 0.7000000000000001, 'count': 8}","{'precision': 0.7777777777777778, 'recall': 0.875, 'f1': 0.823529411764706, 'count': 8}","{'precision': 0.3333333333333333, 'recall': 0.5, 'f1': 0.4, 'count': 8}","{'precision': 0.4, 'recall': 0.5, 'f1': 0.4444444444444445, 'count': 8}","{'precision': 0.8, 'recall': 0.5, 'f1': 0.6153846153846154, 'count': 8}","{'precision': 0.0, 'recall': 0.0, 'f1': 0.0, 'count': 8}","{'precision': 0.5, 'recall': 0.75, 'f1': 0.6, 'count': 8}"
epoch_23,"{'precision': 1.0, 'recall': 0.125, 'f1': 0.2222222222222222, 'count': 8}","{'precision': 0.25, 'recall': 0.125, 'f1': 0.16666666666666666, 'count': 8}","{'precision': 0.7142857142857143, 'recall': 0.625, 'f1': 0.6666666666666666, 'count': 8}","{'precision': 0.5, 'recall': 0.25, 'f1': 0.3333333333333333, 'count': 8}","{'precision': 1.0, 'recall': 0.75, 'f1': 0.8571428571428571, 'count': 8}","{'precision': 0.6666666666666666, 'recall': 0.5, 'f1': 0.5714285714285715, 'count': 8}","{'precision': 0.7142857142857143, 'recall': 0.625, 'f1': 0.6666666666666666, 'count': 8}","{'precision': 0.6666666666666666, 'recall': 0.75, 'f1': 0.7058823529411765, 'count': 8}","{'precision': 0.6, 'recall': 0.75, 'f1': 0.6666666666666665, 'count': 8}","{'precision': 0.2857142857142857, 'recall': 0.25, 'f1': 0.26666666666666666, 'count': 8}","{'precision': 0.7, 'recall': 0.875, 'f1': 0.7777777777777777, 'count': 8}","{'precision': 0.5, 'recall': 0.5, 'f1': 0.5, 'count': 8}","{'precision': 0.5555555555555556, 'recall': 0.625, 'f1': 0.5882352941176471, 'count': 8}","{'precision': 0.8571428571428571, 'recall': 0.75, 'f1': 0.7999999999999999, 'count': 8}","{'precision': 0.4444444444444444, 'recall': 0.5, 'f1': 0.47058823529411764, 'count': 8}","{'precision': 0.375, 'recall': 0.375, 'f1': 0.375, 'count': 8}","{'precision': 0.7, 'recall': 0.875, 'f1': 0.7777777777777777, 'count': 8}","{'precision': 0.625, 'recall': 0.625, 'f1': 0.625, 'count': 8}","{'precision': 0.5555555555555556, 'recall': 0.625, 'f1': 0.5882352941176471, 'count': 8}","{'precision': 1.0, 'recall': 0.0, 'f1': 0.0, 'count': 8}","{'precision': 0.6, 'recall': 0.75, 'f1': 0.6666666666666665, 'count': 8}","{'precision': 0.5, 'recall': 0.125, 'f1': 0.2, 'count': 8}","{'precision': 0.4166666666666667, 'recall': 0.625, 'f1': 0.5, 'count': 8}","{'precision': 0.0, 'recall': 0.0, 'f1': 0.0, 'count': 8}","{'precision': 0.3, 'recall': 0.375, 'f1': 0.33333333333333326, 'count': 8}","{'precision': 0.6, 'recall': 0.375, 'f1': 0.4615384615384615, 'count': 8}","{'precision': 0.38461538461538464, 'recall': 0.625, 'f1': 0.4761904761904762, 'count': 8}","{'precision': 0.7272727272727273, 'recall': 1.0, 'f1': 0.8421052631578948, 'count': 8}","{'precision': 0.0, 'recall': 0.0, 'f1': 0.0, 'count': 8}","{'precision': 0.5555555555555556, 'recall': 0.625, 'f1': 0.5882352941176471, 'count': 8}","{'precision': 0.4444444444444444, 'recall': 0.5, 'f1': 0.47058823529411764, 'count': 8}","{'precision': 0.23076923076923078, 'recall': 0.375, 'f1': 0.2857142857142857, 'count': 8}","{'precision': 0.3333333333333333, 'recall': 0.25, 'f1': 0.28571428571428575, 'count': 8}","{'precision': 0.4166666666666667, 'recall': 0.625, 'f1': 0.5, 'count': 8}","{'precision': 0.5, 'recall': 0.125, 'f1': 0.2, 'count': 8}","{'precision': 0.7272727272727273, 'recall': 1.0, 'f1': 0.8421052631578948, 'count': 8}","{'precision': 0.5454545454545454, 'recall': 0.75, 'f1': 0.631578947368421, 'count': 8}","{'precision': 1.0, 'recall': 1.0, 'f1': 1.0, 'count': 8}","{'precision': 0.38461538461538464, 'recall': 0.625, 'f1': 0.4761904761904762, 'count': 8}","{'precision': 1.0, 'recall': 0.75, 'f1': 0.8571428571428571, 'count': 8}","{'precision': 0.5, 'recall': 0.5, 'f1': 0.5, 'count': 8}","{'precision': 0.5, 'recall': 0.75, 'f1': 0.6, 'count': 8}","{'precision': 0.6, 'recall': 0.75, 'f1': 0.6666666666666665, 'count': 8}","{'precision': 0.5833333333333334, 'recall': 0.875, 'f1': 0.7000000000000001, 'count': 8}","{'precision': 0.7142857142857143, 'recall': 0.625, 'f1': 0.6666666666666666, 'count': 8}","{'precision': 0.3, 'recall': 0.375, 'f1': 0.33333333333333326, 'count': 8}","{'precision': 0.4444444444444444, 'recall': 0.5, 'f1': 0.47058823529411764, 'count': 8}","{'precision': 0.5714285714285714, 'recall': 0.5, 'f1': 0.5333333333333333, 'count': 8}","{'precision': 0.0, 'recall': 0.0, 'f1': 0.0, 'count': 8}","{'precision': 0.46153846153846156, 'recall': 0.75, 'f1': 0.5714285714285714, 'count': 8}"
epoch_24,"{'precision': 0.5, 'recall': 0.125, 'f1': 0.2, 'count': 8}","{'precision': 0.5, 'recall': 0.375, 'f1': 0.42857142857142855, 'count': 8}","{'precision': 0.75, 'recall': 0.75, 'f1': 0.75, 'count': 8}","{'precision': 0.5, 'recall': 0.25, 'f1': 0.3333333333333333, 'count': 8}","{'precision': 1.0, 'recall': 0.75, 'f1': 0.8571428571428571, 'count': 8}","{'precision': 0.8, 'recall': 0.5, 'f1': 0.6153846153846154, 'count': 8}","{'precision': 0.6, 'recall': 0.375, 'f1': 0.4615384615384615, 'count': 8}","{'precision': 0.6363636363636364, 'recall': 0.875, 'f1': 0.7368421052631579, 'count': 8}","{'precision': 0.5555555555555556, 'recall': 0.625, 'f1': 0.5882352941176471, 'count': 8}","{'precision': 0.2, 'recall': 0.125, 'f1': 0.15384615384615385, 'count': 8}","{'precision': 0.7777777777777778, 'recall': 0.875, 'f1': 0.823529411764706, 'count': 8}","{'precision': 0.4, 'recall': 0.25, 'f1': 0.3076923076923077, 'count': 8}","{'precision': 0.5714285714285714, 'recall': 0.5, 'f1': 0.5333333333333333, 'count': 8}","{'precision': 0.5, 'recall': 0.625, 'f1': 0.5555555555555556, 'count': 8}","{'precision': 0.4444444444444444, 'recall': 0.5, 'f1': 0.47058823529411764, 'count': 8}","{'precision': 0.42857142857142855, 'recall': 0.375, 'f1': 0.39999999999999997, 'count': 8}","{'precision': 0.7, 'recall': 0.875, 'f1': 0.7777777777777777, 'count': 8}","{'precision': 0.8333333333333334, 'recall': 0.625, 'f1': 0.7142857142857143, 'count': 8}","{'precision': 0.5454545454545454, 'recall': 0.75, 'f1': 0.631578947368421, 'count': 8}","{'precision': 1.0, 'recall': 0.0, 'f1': 0.0, 'count': 8}","{'precision': 0.6, 'recall': 0.75, 'f1': 0.6666666666666665, 'count': 8}","{'precision': 0.25, 'recall': 0.125, 'f1': 0.16666666666666666, 'count': 8}","{'precision': 0.35714285714285715, 'recall': 0.625, 'f1': 0.45454545454545453, 'count': 8}","{'precision': 0.0, 'recall': 0.0, 'f1': 0.0, 'count': 8}","{'precision': 0.3333333333333333, 'recall': 0.5, 'f1': 0.4, 'count': 8}","{'precision': 0.6, 'recall': 0.375, 'f1': 0.4615384615384615, 'count': 8}","{'precision': 0.4166666666666667, 'recall': 0.625, 'f1': 0.5, 'count': 8}","{'precision': 0.7272727272727273, 'recall': 1.0, 'f1': 0.8421052631578948, 'count': 8}","{'precision': 0.0, 'recall': 0.0, 'f1': 0.0, 'count': 8}","{'precision': 0.8, 'recall': 0.5, 'f1': 0.6153846153846154, 'count': 8}","{'precision': 0.38461538461538464, 'recall': 0.625, 'f1': 0.4761904761904762, 'count': 8}","{'precision': 0.18181818181818182, 'recall': 0.25, 'f1': 0.2105263157894737, 'count': 8}","{'precision': 0.36363636363636365, 'recall': 0.5, 'f1': 0.4210526315789474, 'count': 8}","{'precision': 0.5555555555555556, 'recall': 0.625, 'f1': 0.5882352941176471, 'count': 8}","{'precision': 0.3333333333333333, 'recall': 0.125, 'f1': 0.18181818181818182, 'count': 8}","{'precision': 0.7272727272727273, 'recall': 1.0, 'f1': 0.8421052631578948, 'count': 8}","{'precision': 0.6666666666666666, 'recall': 0.75, 'f1': 0.7058823529411765, 'count': 8}","{'precision': 1.0, 'recall': 1.0, 'f1': 1.0, 'count': 8}","{'precision': 0.5, 'recall': 0.625, 'f1': 0.5555555555555556, 'count': 8}","{'precision': 1.0, 'recall': 0.5, 'f1': 0.6666666666666666, 'count': 8}","{'precision': 0.5714285714285714, 'recall': 0.5, 'f1': 0.5333333333333333, 'count': 8}","{'precision': 0.46153846153846156, 'recall': 0.75, 'f1': 0.5714285714285714, 'count': 8}","{'precision': 0.6, 'recall': 0.75, 'f1': 0.6666666666666665, 'count': 8}","{'precision': 0.5, 'recall': 0.875, 'f1': 0.6363636363636364, 'count': 8}","{'precision': 0.6666666666666666, 'recall': 1.0, 'f1': 0.8, 'count': 8}","{'precision': 0.36363636363636365, 'recall': 0.5, 'f1': 0.4210526315789474, 'count': 8}","{'precision': 0.4, 'recall': 0.5, 'f1': 0.4444444444444445, 'count': 8}","{'precision': 0.8, 'recall': 0.5, 'f1': 0.6153846153846154, 'count': 8}","{'precision': 0.0, 'recall': 0.0, 'f1': 0.0, 'count': 8}","{'precision': 0.46153846153846156, 'recall': 0.75, 'f1': 0.5714285714285714, 'count': 8}"
epoch_25,"{'precision': 0.3333333333333333, 'recall': 0.125, 'f1': 0.18181818181818182, 'count': 8}","{'precision': 0.375, 'recall': 0.375, 'f1': 0.375, 'count': 8}","{'precision': 0.625, 'recall': 0.625, 'f1': 0.625, 'count': 8}","{'precision': 0.5, 'recall': 0.25, 'f1': 0.3333333333333333, 'count': 8}","{'precision': 1.0, 'recall': 0.75, 'f1': 0.8571428571428571, 'count': 8}","{'precision': 0.6666666666666666, 'recall': 0.5, 'f1': 0.5714285714285715, 'count': 8}","{'precision': 0.7142857142857143, 'recall': 0.625, 'f1': 0.6666666666666666, 'count': 8}","{'precision': 0.6, 'recall': 0.75, 'f1': 0.6666666666666665, 'count': 8}","{'precision': 0.5555555555555556, 'recall': 0.625, 'f1': 0.5882352941176471, 'count': 8}","{'precision': 0.16666666666666666, 'recall': 0.125, 'f1': 0.14285714285714288, 'count': 8}","{'precision': 0.7777777777777778, 'recall': 0.875, 'f1': 0.823529411764706, 'count': 8}","{'precision': 0.6, 'recall': 0.375, 'f1': 0.4615384615384615, 'count': 8}","{'precision': 0.5, 'recall': 0.625, 'f1': 0.5555555555555556, 'count': 8}","{'precision': 0.7142857142857143, 'recall': 0.625, 'f1': 0.6666666666666666, 'count': 8}","{'precision': 0.4444444444444444, 'recall': 0.5, 'f1': 0.47058823529411764, 'count': 8}","{'precision': 0.375, 'recall': 0.375, 'f1': 0.375, 'count': 8}","{'precision': 0.6363636363636364, 'recall': 0.875, 'f1': 0.7368421052631579, 'count': 8}","{'precision': 1.0, 'recall': 0.625, 'f1': 0.7692307692307693, 'count': 8}","{'precision': 0.5454545454545454, 'recall': 0.75, 'f1': 0.631578947368421, 'count': 8}","{'precision': 0.0, 'recall': 0.0, 'f1': 0.0, 'count': 8}","{'precision': 0.6, 'recall': 0.75, 'f1': 0.6666666666666665, 'count': 8}","{'precision': 1.0, 'recall': 0.125, 'f1': 0.2222222222222222, 'count': 8}","{'precision': 0.4166666666666667, 'recall': 0.625, 'f1': 0.5, 'count': 8}","{'precision': 0.0, 'recall': 0.0, 'f1': 0.0, 'count': 8}","{'precision': 0.3, 'recall': 0.375, 'f1': 0.33333333333333326, 'count': 8}","{'precision': 0.6, 'recall': 0.375, 'f1': 0.4615384615384615, 'count': 8}","{'precision': 0.4166666666666667, 'recall': 0.625, 'f1': 0.5, 'count': 8}","{'precision': 0.6153846153846154, 'recall': 1.0, 'f1': 0.761904761904762, 'count': 8}","{'precision': 0.0, 'recall': 0.0, 'f1': 0.0, 'count': 8}","{'precision': 0.75, 'recall': 0.375, 'f1': 0.5, 'count': 8}","{'precision': 0.5, 'recall': 0.5, 'f1': 0.5, 'count': 8}","{'precision': 0.29411764705882354, 'recall': 0.625, 'f1': 0.4, 'count': 8}","{'precision': 0.4, 'recall': 0.5, 'f1': 0.4444444444444445, 'count': 8}","{'precision': 0.5555555555555556, 'recall': 0.625, 'f1': 0.5882352941176471, 'count': 8}","{'precision': 0.6666666666666666, 'recall': 0.25, 'f1': 0.36363636363636365, 'count': 8}","{'precision': 0.7272727272727273, 'recall': 1.0, 'f1': 0.8421052631578948, 'count': 8}","{'precision': 0.6, 'recall': 0.75, 'f1': 0.6666666666666665, 'count': 8}","{'precision': 1.0, 'recall': 1.0, 'f1': 1.0, 'count': 8}","{'precision': 0.3333333333333333, 'recall': 0.5, 'f1': 0.4, 'count': 8}","{'precision': 1.0, 'recall': 0.875, 'f1': 0.9333333333333333, 'count': 8}","{'precision': 0.5, 'recall': 0.5, 'f1': 0.5, 'count': 8}","{'precision': 0.5, 'recall': 0.75, 'f1': 0.6, 'count': 8}","{'precision': 0.6, 'recall': 0.75, 'f1': 0.6666666666666665, 'count': 8}","{'precision': 0.5384615384615384, 'recall': 0.875, 'f1': 0.6666666666666667, 'count': 8}","{'precision': 1.0, 'recall': 0.75, 'f1': 0.8571428571428571, 'count': 8}","{'precision': 0.2222222222222222, 'recall': 0.25, 'f1': 0.23529411764705882, 'count': 8}","{'precision': 0.36363636363636365, 'recall': 0.5, 'f1': 0.4210526315789474, 'count': 8}","{'precision': 0.6666666666666666, 'recall': 0.5, 'f1': 0.5714285714285715, 'count': 8}","{'precision': 0.0, 'recall': 0.0, 'f1': 0.0, 'count': 8}","{'precision': 0.4166666666666667, 'recall': 0.625, 'f1': 0.5, 'count': 8}"
